title,Percentplus1,Percentplus2,Percentplus3,Percentplus4,Percentplusfull,zeromove,Percentmimus1,Percentmimus2,Percentmimus3,Percentmimus4,Percentmimusfull
Columbia University threatens to expel student protesters who occupied administration building,0,0,0,0,0,0,0,1,0,0,0
The top UN court rejects Nicaragua’s request for Germany to halt aid to Israel,0,0,0,0,0,0,0,1,0,0,0
"Sword-wielding man attacks passersby in London, killing a 13-year-old boy and injuring other people",0,0,0,0,0,0,0,1,0,0,0
2-year-old killed in 'tragic accident' as bounce house is carried away by wind gust,0,0,0,0,0,0,0,1,0,0,0
Columbia University threatens to expel student protesters who occupied administration building,0,0,0,0,0,0,0,1,0,0,0
"Scammers stole more than $3.4 billion from older Americans last year, an FBI report says",0,0,0,0,0,0,0,1,0,0,0
Florida Democrats hope abortion and marijuana questions draw young voters despite low enthusiasm,0,0,0,0,0,0,0,1,0,0,0
UK police arrest man wielding a sword in east London. 5 people are taken to the hospital,0,0,0,0,0,0,0,1,0,0,0
Pro-Palestinian Columbia student protesters occupy academic building,0,0,0,0,0,0,0,1,0,0,0
McDonald’s posts weaker-than-expected Q1 results as boycotts weigh on sales,0,0,0,0,0,0,0,1,0,0,0
Pro-Palestinian Columbia student protesters occupy academic building,0,0,0,0,0,0,0,1,0,0,0
"Coca-Cola tops earnings estimates, hikes revenue outlook on higher prices",0,0,0,0,0,0,0,1,0,0,0
UN experts say North Korea missile landed in Ukraine's Kharkiv,0,0,0,0,0,0,0,1,0,0,0
"4 law officers serving warrant are killed, 4 wounded in shootout at North Carolina home, police say",0,0,0,0,0,0,0,1,0,0,0
Columbia University begins suspending students after warning to clear out of protest camp,0,0,0,0,0,0,0,1,0,0,0
Riot police drag away protesters at University of Texas as Gaza tensions flare,0,0,0,0,0,0,0,1,0,0,0
Columbia University begins suspending students after warning to clear out of protest camp,0,0,0,0,0,0,0,1,0,0,0
"Charlotte shooting: 3 US Marshals killed, 5 officers injured serving warrant, suspect dead",0,0,0,0,0,0,0,1,0,0,0
Prince Harry and Meghan to visit Nigeria to talk Invictus Games,0,0,0,0,0,0,0,1,0,0,0
Cigarette warnings to be printed on individual smokes in Canada,0,0,0,0,0,0,0,1,0,0,0
"G7 countries agree to end use of coal power by 2035, says UK minister",0,0,0,0,0,0,0,1,0,0,0
Lawyers for Hunter Biden plan to sue Fox News 'imminently',0,0,0,0,0,0,0,1,0,0,0
All eyes on Greene threat to oust Speaker Johnson,0,0,0,0,0,0,0,1,0,0,0
Humza Yousaf steps down as Scottish first minister,0,0,0,0,0,0,0,1,0,0,0
Supreme Court rejects Peter Navarro's latest bid for release from prison during appeal,0,0,0,0,0,0,0,1,0,0,0
Affluent Americans are driving US economy and likely delaying need for Fed rate cuts,0,0,0,0,0,0,0,1,0,0,0
How Columbia University’s complex history with the student protest movement echoes into today,0,0,0,0,0,0,0,1,0,0,0
Trans Mountain pipeline project ushers in new era for oilsands hub Fort McMurray,0,0,0,0,0,0,0,1,0,0,0
"Ukraine pulls back from three villages in east, Zelenskiy pleads for weapons",0,0,0,0,0,0,0,1,0,0,0
Noem defends herself over criticism for killing dog,0,0,0,0,0,0,0,1,0,0,0
World Central Kitchen resuming operations in Gaza after killing of 7 workers,0,0,0,0,0,0,0,1,0,0,0
World Central Kitchen resuming operations in Gaza after killing of 7 workers,0,0,0,0,0,0,0,1,0,0,0
World Central Kitchen resuming operations in Gaza after killing of 7 workers,0,0,0,0,0,0,0,1,0,0,0
"North Korea criticizes US for supplying long-range missiles to Ukraine, KCNA says",0,0,0,0,0,0,0,1,0,0,0
Joe Biden wins Democratic primary in Puerto Rico,0,0,0,0,0,0,0,1,0,0,0
German police arrest a Russian man in connection with the fatal stabbings of 2 Ukrainian men,0,0,0,0,0,0,0,1,0,0,0
"Gaza’s 37m tonnes of bomb-filled debris could take 14 years to clear, says expert",0,0,0,0,0,0,0,1,0,0,0
Biden's 13th-Quarter Approval Average Lowest Historically,0,0,0,0,0,0,0,1,0,0,0
'Vampire facials' lead to women catching HIV; CDC reports cases of transmission via cosmetic procedures,0,0,0,0,0,0,0,1,0,0,0
Arkansas woman pleads guilty to selling 24 boxes of body parts stolen from cadavers,0,0,0,0,0,0,0,1,0,0,0
Utah Republicans to select nominee for Mitt Romney’s open US Senate seat,0,0,0,0,0,0,0,1,0,0,0
Ukraine pulls Abrams tanks from front after losing 5 to Russian attacks,0,0,0,0,0,0,0,1,0,0,0
Ukraine frees farm minister on bail pending probe into graft allegations,0,0,0,0,0,0,0,1,0,0,0
Fed's preferred inflation gauge shows price pressures stayed elevated last month,0,0,0,0,0,0,0,1,0,0,0
Paramedic sentencing in Elijah McClain's death caps trials that led to 3 convictions,0,0,0,0,0,0,0,1,0,0,0
17 states challenge federal rules entitling workers to accommodations for abortion,0,0,0,0,0,0,0,1,0,0,0
A look at the Gaza war protests that have emerged on US college campuses,0,0,0,0,0,0,0,1,0,0,0
Alabama lawmakers advance bill that could lead to prosecution of librarians,0,0,0,0,0,0,0,1,0,0,0
Takeaways from the Trump hush money trial: Ex-publisher details tabloid tactics,0,0,0,0,0,0,0,1,0,0,0
"Net neutrality rules restored by US agency, reversing Trump",0,0,0,0,0,0,0,1,0,0,0
Federal judge temporarily blocks confusing Montana voter registration law,0,0,0,0,0,0,0,1,0,0,0
Humza Yousaf Breaking News Headlines Today | Ground News,0,0,1,0,0,0,0,0,0,0,0
Social Impact and ESG Report 2023,0,0,1,0,0,0,0,0,0,0,0
Supreme Court seems skeptical of Trump’s claim of absolute immunity but decision’s timing is unclear,0,0,1,0,0,0,0,0,0,0,0
DR Congo accuses Apple of using conflict minerals from war-torn regions in products,0,0,1,0,0,0,0,0,0,0,0
Man who killed Saints' Will Smith gets 25-year prison sentence,0,0,1,0,0,0,0,0,0,0,0
"Trump mocks Barr after endorsement, says he will remove ‘lethargic’ label",0,0,1,0,0,0,0,0,0,0,0
Biden Makes Sign of the Cross During Florida Trip Promoting Abortion,0,0,1,0,0,0,0,0,0,0,0
"Arizona indicts 18 in election interference case, including Giuliani and Meadows",0,0,1,0,0,0,0,0,0,0,0
"Burkina Faso's army massacred over 200 civilians in a village raid, Human Rights Watch says",0,0,1,0,0,0,0,0,0,0,0
"Arizona indicts 18 in election interference case, including Giuliani and Meadows",0,0,1,0,0,0,0,0,0,0,0
"Arizona indicts 18 in election interference case, including Giuliani and Meadows",0,0,1,0,0,0,0,0,0,0,0
Fauci to testify before Congress for the first time since stepping down,0,0,1,0,0,0,0,0,0,0,0
Johnson: ‘There is an appropriate time’ for National Guard if student protesters don’t disperse,0,0,1,0,0,0,0,0,0,0,0
Grand jury indicts 18 in alleged Arizona fake elector scheme to re-elect Trump,0,0,1,0,0,0,0,0,0,0,0
‘Chicago Rat Hole’ has been removed by city,0,0,1,0,0,0,0,0,0,0,0
Teenage girl arrested on suspicion of attempted murder after two teachers and pupil stabbed in West Wales school,0,0,1,0,0,0,0,0,0,0,0
Ohio lawmakers negotiate to assure Biden makes the state’s fall ballot,0,0,1,0,0,0,0,0,0,0,0
Biden campaign plans to keep using TikTok through the election,0,0,1,0,0,0,0,0,0,0,0
Crowd boos as House speaker condemns Columbia pro-Palestine protests,0,0,1,0,0,0,0,0,0,0,0
"Ukraine uses long-range missiles secretly provided by US to hit Russian-held areas, officials say",1,1,0,0,0,0,0,0,0,0,0
Vaccines saved at least 154 million lives in 50 years: WHO,1,1,0,0,0,0,0,0,0,0,0
Tennessee would criminalize helping minors get abortions under bill heading to governor,1,1,0,0,0,0,0,0,0,0,0
"Haley attracts more than 150K votes in Pennsylvania GOP primary, weeks after dropping bid",1,1,0,0,0,0,0,0,0,0,0
Lara Trump says RNC will have people ‘who can physically handle’ ballots on Election Day,1,1,0,0,0,0,0,0,0,0,0
Google says it will miss target for ending third-party cookies,1,1,0,0,0,0,0,0,0,0,0
"Senate passes bill forcing TikTok’s parent company to sell or face ban, sends to Biden for signature",1,1,0,0,0,0,0,0,0,0,0
"China blasts US military aid to Taiwan, saying the island is entering a 'dangerous situation'",1,1,0,0,0,0,0,0,0,0,0
"Russian deputy defence minister detained on bribe allegations, officials say",1,1,0,0,0,0,0,0,0,0,0
"Senate passes bill forcing TikTok’s parent company to sell or face ban, sends to Biden for signature",1,1,0,0,0,0,0,0,0,0,0
"Columbia University protesters given midnight deadline on talks to dismantle encampment, president says",1,1,0,0,0,0,0,0,0,0,0
"Baltimore port to open deeper channel, enabling some cargo ships to pass after bridge collapse",1,1,0,0,0,0,0,0,0,0,0
"Bob Casey and Dave McCormick advance to the general election in Pennsylvania, setting up a key race for Senate control",1,1,0,0,0,0,0,0,0,0,0
California bill would prevent CLEAR passengers from line-jumping at airports,1,1,0,0,0,0,0,0,0,0,0
"Biden blames Trump for Florida’s 6-week abortion ban, says women nationwide face health crisis",1,0,0,0,0,0,0,0,0,0,0
Trump: College protests are a ‘disgrace’ and all ‘Biden’s fault’,1,0,0,0,0,0,0,0,0,0,0
Labor Department issues rule to crack down on bad retirement savings advice,1,0,0,0,0,0,0,0,0,0,0
Trump will meet with a senior Japanese official after court session in his hush money trial,1,0,0,0,0,0,0,0,0,0,0
Seattle hospital won't turn over gender-affirming care records in lawsuit settlement with Texas,1,0,0,0,0,0,0,0,0,0,0
"New federal rule bars transgender school bathroom bans, but it likely isn’t the final word",1,0,0,0,0,0,0,0,0,0,0
$8 billion US military aid package to Taiwan will ‘boost confidence’ in region: president-elect,1,0,0,0,0,0,0,0,0,0,0
Australian prime minister labels Elon Musk ‘an arrogant billionaire who thinks he is above the law’,1,0,0,0,0,0,0,0,0,0,0
"Russian air strike took out TV tower in Ukraine's Kharkiv, Zelenskyy says",1,0,0,0,0,0,0,0,0,0,0
Baltimore leaders accuse ship’s owner and manager of negligence in Key Bridge collapse,1,0,0,0,0,0,0,0,0,0,0
Rwanda bill passes after late night row between government and Lords,1,0,0,0,0,0,0,0,0,0,0
NYPD arrests pro-Palestinian demonstrators at NYU,1,0,0,0,0,0,0,0,0,0,0
"Trump conspired to ‘corrupt the 2016 election,’ prosecutor says in opening statement at hush money trial",1,0,0,0,0,0,0,0,0,0,0
The fatal shooting of an Ohio officer during a training exercise being probed as a possible homicide,0,1,0,0,0,0,0,0,0,0,0
Vice President Harris to reveal final rules mandating minimum standards for nursing home staffing,0,1,0,0,0,0,0,0,0,0,0
"Philippines, US launch annual joint military drills",0,1,0,0,0,0,0,0,0,0,0
2 brothers condemned to die for the ‘Wichita massacre’ want a new sentencing hearing,0,1,0,0,0,0,0,0,0,0,0
Japan's anti-monopoly body orders Google to fix ad search limits affecting Yahoo,0,1,0,0,0,0,0,0,0,0,0
Toxic: How the search for the origins of COVID-19 turned politically poisonous,0,1,0,0,0,0,0,0,0,0,0
Columbia University classes to be held virtually amid pro-Palestinian protests,0,1,0,0,0,0,0,0,0,0,0
Rishi Sunak says first migrant flights to Rwanda will take place by July 15,0,1,0,0,0,0,0,0,0,0,0
Prosecutors to make history with opening statements in hush money case against Trump,0,1,0,0,0,0,0,0,0,0,0
"Tesla cuts the price of its ""Full Self Driving"" system by a third to $8,000",0,1,0,0,0,0,0,0,0,0,0
Russia says US support for Ukraine will end as ‘humiliating fiasco’ like ‘Vietnam and Afghanistan’,0,1,0,0,0,0,0,0,0,0,0
Gina Raimondo says ‘we’ve out-innovated China’ amid chips war,0,1,0,0,0,0,0,0,0,0,0
Look up to the sky for the Lyrid meteor shower and the full pink moon,0,1,0,0,0,0,0,0,0,0,0
Kennedy says he loves his family 'either way' after relatives endorse Biden's campaign over his,0,1,0,0,0,0,0,0,0,0,0
Chicago police officer fatally shot overnight while heading home from work,0,1,0,0,0,0,0,0,0,0,0
"Rabbi to Jewish Columbia students amid rallies: Campus not safe, go home",0,1,0,0,0,0,0,0,0,0,0
Man arrested in Paris after threatening to blow himself up at Iran consulate,0,0,0,0,0,0,0,1,0,0,0
Man sets himself on fire in protest area outside Trump trial - reports,0,0,0,0,0,0,0,1,0,0,0
"Tehran plays down reported Israeli attacks, signals no further retaliation",0,0,0,0,0,0,0,1,0,0,0
Man arrested in Paris after threatening to blow himself up at Iran consulate,0,0,0,0,0,0,0,1,0,0,0
"Tehran plays down reported Israeli attacks, signals no further retaliation",0,0,0,0,0,0,0,1,0,0,0
EPA moves to make US polluters pay for cleanup of two forever chemicals,0,0,0,0,0,0,0,1,0,0,0
How lightning illuminated Indonesia’s Ruang volcano,0,0,0,0,0,0,0,1,0,0,0
US Had Advance Knowledge Of Israel Attack On Iran: Report,0,0,0,0,0,0,0,1,0,0,0
IAEA confirms no damage made to Iran's nuclear sites in Israel's attack,0,0,0,0,0,0,0,1,0,0,0
Google is combining its Android software and Pixel hardware divisions to more broadly integrate AI,0,0,0,0,0,0,0,1,0,0,0
"Israel retaliates as missiles strike a site in Iran, US officials say",0,0,0,0,0,0,0,1,0,0,0
US Had Advance Knowledge Of Israel Attack On Iran: Report,0,0,0,0,0,0,0,1,0,0,0
Oil prices jump 3% on reports of explosions in Iran,0,0,0,0,0,0,0,1,0,0,0
Salmonella outbreak prompts Trader Joe's to recall herbs sold in 29 states,0,0,0,0,0,0,0,1,0,0,0
Chinese hackers preparing to attack critical US infrastructure: FBI,0,0,0,0,0,0,0,1,0,0,0
CIA chief warns Ukraine could lose war this year without US boost,0,0,0,0,0,0,0,1,0,0,0
Closing arguments set in case against Arizona rancher charged in fatal shooting of unarmed migrant,0,0,0,0,0,0,0,1,0,0,0
Arkansas Supreme Court says new DNA testing can be sought in ‘West Memphis 3’ case,1,0,0,0,0,0,0,0,0,0,0
Poland arrests man suspected of spying for Russia to aid Zelenskyy assassination plot,1,0,0,0,0,0,0,0,0,0,0
"Two more black-footed ferrets are cloned, boosting hopes of saving an endangered species",1,0,0,0,0,0,0,0,0,0,0
"EU proposes youth mobility agreement with UK to help youngsters travel, work and live in both areas",1,0,0,0,0,0,0,0,0,0,0
"Germany arrests 2 for allegedly spying for Russia, plotting sabotage to undermine Ukraine aid",1,0,0,0,0,0,0,0,0,0,0
Russia reports downing 5 Ukrainian military balloons in Kyiv's latest apparent war innovation,1,0,0,0,0,0,0,0,0,0,0
Mark Menzies MP gives up Tory whip amid investigation into claims he misused campaign funds,1,0,0,0,0,0,0,0,0,0,0
Attorneys for Bryan Kohberger file alibi defense in Idaho student homicide case,1,0,0,0,0,0,0,0,0,0,0
Kennedy family to endorse Biden in Philadelphia in latest rebuke to RFK Jr.,1,0,0,0,0,0,0,0,0,0,0
It's the biggest election in history. Here's why few Indians in Canada will take part,1,0,0,0,0,0,0,0,0,0,0
NASA chief warns of Chinese military presence in space,1,0,0,0,0,0,0,0,0,0,0
"'Human-induced' climate change caused deadly Sahel heatwave, says study",1,0,0,0,0,0,0,0,0,0,0
Woman arrested after taking corpse to sign bank loan in Brazil,1,0,0,0,0,0,0,0,0,0,0
"Netanyahu brushes off calls for restraint, saying Israel will decide how to respond to Iran’s attack",1,0,0,0,0,0,0,0,0,0,0
US Senate dismisses House Republican impeachment charges against Mayorkas,1,0,0,0,0,0,0,0,0,0,0
US reimposes oil sanctions on Venezuela as hopes for a fair presidential election fades,1,0,0,0,0,0,0,0,0,0,0
Hamas chief Haniyeh to visit Turkey this weekend: Erdogan,1,0,0,0,0,0,0,0,0,0,0
"Extreme coral bleaching could spell worst summer on record for Great Barrier Reef, authority says",1,0,0,0,0,0,0,0,0,0,0
Man sentenced to 47 years to life for kidnapping 9-year-old girl from upstate New York park,1,0,0,0,0,0,0,0,0,0,0
North Carolina university committee swiftly passes policy change that could cut diversity staff,0,0,0,0,0,0,1,0,0,0,0
Civilian Army financial counselor pleads guilty to stealing millions from Gold Star families,0,0,0,0,0,0,1,0,0,0,0
"14 troops, 4 civilians wounded in Hezbollah drone attack on northern border town",0,0,0,0,0,0,1,0,0,0,0
"Facing Republican revolt, House Speaker Johnson pushes ahead on US aid for Ukraine, Israel",0,0,0,0,0,0,1,0,0,0,0
Croatia votes in a parliamentary election that's a showdown between its president and prime minister,0,0,0,0,0,0,1,0,0,0,0
Closure of troubled California prison won't happen before each inmate's status is reviewed,0,0,0,0,0,0,1,0,0,0,0
"NYC shooters on scooters gun down 4 people, killing 1, police say; man in custody",0,0,0,0,0,0,1,0,0,0,0
Wisconsin Supreme Court to hear arguments in Democratic governor's suit against GOP-led Legislature,0,0,0,0,0,0,1,0,0,0,0
Tesla Asks Shareholders to Re-Ratify Musk’s $56 Billion Payout,0,0,0,0,0,0,1,0,0,0,0
UN envoy says of the threat to coral reefs: 'Are we faced with a colossal ecosystem tragedy? Yes',0,0,0,0,0,0,1,0,0,0,0
Google employees protest company’s work with Israeli government,0,0,0,0,0,0,1,0,0,0,0
"Texas inmate Melissa Lucio’s death sentence should be overturned, judge says",0,0,0,0,0,0,1,0,0,0,0
Boeing whistleblower says 787 fleet should be grounded,0,0,0,0,0,0,1,0,0,0,0
Hush-money judge warns Trump against intimidating jurors,1,0,0,0,0,0,0,0,0,0,0
"Russia but not Putin invited to French D-Day anniversary, say organisers",1,0,0,0,0,0,0,0,0,0,0
Man gets 37-year sentence for kidnapping FBI employee in South Dakota,1,0,0,0,0,0,0,0,0,0,0
Haley joining conservative think tank,1,0,0,0,0,0,0,0,0,0,0
Salman Rushdie's 'Knife' is unflinching about his brutal stabbing and uncanny in its vital spirit,1,0,0,0,0,0,0,0,0,0,0
OAN and Smartmatic settle election defamation case,1,0,0,0,0,0,0,0,0,0,0
Owners of Colorado funeral home where 190 bodies were found charged with Covid fraud,1,0,0,0,0,0,0,0,0,0,0
"IMF: Outlook for world economy is brighter, though still modest by historical standards",1,0,0,0,0,0,0,0,0,0,0
NPR suspends editor who claimed left-wing bias at outlet had ‘lost America’s trust’,1,0,0,0,0,0,0,0,0,0,0
Nigel Farage says police would have to 'drag him off stage' after attempt to shut down conference,1,0,0,0,0,0,0,0,0,0,0
"Speaker Mike Johnson says House to vote on separate Israel, Ukraine aid packages",1,0,0,0,0,0,0,0,0,0,0
How China's e-jiao trade spells doom for Africa's donkeys,1,0,0,0,0,0,0,0,0,0,0
"Israel orders eviction of Palestinian family from east Jerusalem property, reigniting a legal battle",1,0,0,0,0,0,0,0,0,0,0
Owners of a Colorado funeral home where 190 decaying bodies were found are charged with COVID fraud,1,0,0,0,0,0,0,0,0,0,0
International Atomic Energy Agency Breaking News Headlines Today | Ground News,1,0,0,0,0,0,0,0,0,0,0
Maine joins compact to elect the president by popular vote but it won't come into play this November,1,0,0,0,0,0,0,0,0,0,0
The pilots union at American Airlines says it’s seeing more safety and maintenance issues,1,0,0,0,0,0,0,0,0,0,0
Sydney church stabbing treated as 'terrorist act',1,0,0,0,0,0,0,0,0,0,0
Macron says the Olympic opening ceremony on the Seine could be moved to stadium for security reasons,1,0,0,0,0,0,0,0,0,0,0
California officials sue Huntington Beach over voter ID law passed at polls,1,0,0,0,0,0,0,0,0,0,0
Giuliani loses bid to dismiss $148 million defamation judgment,0,0,0,0,0,0,0,0,1,0,0
Thomson Reuters ProView e-Reader free trial,0,0,0,0,0,0,0,0,1,0,0
"A police officer, sheriff's deputy and suspect killed in a shootout in upstate New York, police say",0,0,0,0,0,0,0,0,1,0,0
Rishi Sunak urges restraint after Iran attack on Israel,0,0,0,0,0,0,0,0,1,0,0
Gun supervisor for ‘Rust’ movie to be sentenced for fatal shooting by Alec Baldwin on set,0,0,0,0,0,0,0,0,1,0,0
US judge tosses out lawsuits against Libyan commander accused of war crimes,0,0,0,0,0,0,0,0,1,0,0
"Former Kentucky swimmers sue ex-coaches, AD Mitch Barnhart, alleging ‘sexually hostile environment’",0,0,0,0,0,0,0,0,1,0,0
German parliament votes to make it easier for people to legally change their name and gender,0,0,0,0,0,0,1,0,0,0,0
Tight security planned for Trump hush money trial,0,0,0,0,0,0,1,0,0,0,0
Former US ambassador sentenced to 15 years in prison for serving as secret agent for Cuba,0,0,0,0,0,0,1,0,0,0,0
Biden administration raises costs to drill on public lands,0,0,0,0,0,0,1,0,0,0,0
"Prosecutors: South Carolina prison supervisor took $219,000 in bribes; got 173 cellphones to inmates",0,0,0,0,0,0,1,0,0,0,0
Norway says ready to recognize a Palestinian state,0,0,0,0,0,0,1,0,0,0,0
"Biden heads to his hometown of Scranton, Pennsylvania, to talk about taxes",0,0,0,0,0,0,1,0,0,0,0
North Carolina governor to welcome historic visitor at mansion: Japan’s Prime Minister Kishida,0,0,0,0,0,0,1,0,0,0,0
US does not expect to be drawn into war but predicts attack by Iran against Israel,0,0,0,0,0,0,1,0,0,0,0
Homebuyers’ quandary: to wait or not to wait for lower mortgage rates,0,0,0,0,0,0,1,0,0,0,0
"Trump, Johnson to tout bill to prevent noncitizen voting: Report",0,0,0,0,0,0,1,0,0,0,0
"A near-total ban on abortion has supercharged the political dynamics of Arizona, a key swing state",0,0,0,0,0,0,1,0,0,0,0
"A healthy US economy’s secret ingredient: Immigrant workers, eager to fill jobs",0,0,0,0,0,0,1,0,0,0,0
US does not expect to be drawn into war but predicts attack by Iran against Israel,0,0,0,0,0,0,1,0,0,0,0
US cyber agency says Russian hackers used Microsoft access to steal government emails,0,0,0,0,0,0,1,0,0,0,0
COVID vaccines not linked to cardiac death in young people: CDC study,0,0,0,0,0,0,1,0,0,0,0
Chlamydia vaccine shows promising results in early-stage trial,0,0,0,0,0,0,1,0,0,0,0
Fiery debate over proposed shield law leads to rare censure in Maine House,0,0,0,0,0,0,1,0,0,0,0
Colorado Rep. Don Wilson leaves unattended gun at state Capitol,0,0,0,0,0,0,1,0,0,0,0
"Oregon study finds no connection between COVID-19 vaccine, cardiac deaths",0,1,0,0,0,0,0,0,0,0,0
Prosecutor assigned to probe Georgia Lt. Gov. Burt Jones in Trump election interference case,0,1,0,0,0,0,0,0,0,0,0
Fewer Americans file for jobless claims as labor market continues to shrug off higher interest rates,0,1,0,0,0,0,0,0,0,0,0
"In Russia’s Far East, a new heavy-lift rocket blasts off into space after two aborted launches",0,1,0,0,0,0,0,0,0,0,0
"Ukraine's parliament passes controversial law to boost conscripts, fill army ranks",0,1,0,0,0,0,0,0,0,0,0
"Arizona Democrats tried to repeal abortion ban, but Republicans blocked them",0,1,0,0,0,0,0,0,0,0,0
Tesla’s Musk to meet Modi in India and announce investment plans: Reuters,0,1,0,0,0,0,0,0,0,0,0
"Arizona Democrats tried to repeal abortion ban, but Republicans blocked them",0,1,0,0,0,0,0,0,0,0,0
Alabama man arrested in connection with explosive device that went off outside office of state attorney general,0,1,0,0,0,0,0,0,0,0,0
"Mom who threw 2 kids onto LA freeway, killing her infant, appeared agitated by impending eclipse",0,1,0,0,0,0,0,0,0,0,0
Trump says Arizona went too far with abortion law: ‘That will be straightened out’,1,0,0,0,0,1,1,0,0,0,0
Biden says Israeli efforts to boost aid into Gaza are still not enough,1,0,0,0,0,1,1,0,0,0,0
"US 'considering' dropping Julian Assange prosecution, Joe Biden says",1,0,0,0,0,1,1,0,0,0,0
At least 2 shot amid celebration to mark end of Ramadan in Philadelphia neighborhood: Sources,1,0,0,0,0,1,1,0,0,0,0
Democratic congresswoman suggests black people be exempt from paying taxes as form of reparations,1,0,0,0,0,1,1,0,0,0,0
Trump says Arizona went too far with abortion law: ‘That will be straightened out’,1,0,0,0,0,1,1,0,0,0,0
Tennessee Senate advances bill to arm teachers a year after deadly Nashville school shooting,1,0,0,0,0,1,1,0,0,0,0
What about China’s overcapacity?,1,0,0,0,0,1,1,0,0,0,0
Texas Attorney General sues to stop guaranteed income program for Houston-area residents,1,0,0,0,0,1,1,0,0,0,0
Delta Air Lines posts a narrow Q1 profit and says travel demand remains strong despite flight scares,1,0,0,0,0,1,1,0,0,0,0
Biden campaign seeks to mobilize LGBTQ voters with new initiative,1,0,0,0,0,1,1,0,0,0,0
Arizona Republicans distance themselves from state Supreme Court ruling on abortion,1,0,0,0,0,1,1,0,0,0,0
Former Trump executive Allen Weisselberg sentenced to 5 months in jail for lying in civil fraud case,1,0,0,0,0,1,1,0,0,0,0
Biden says he is examining power to shut US border on his own,1,0,0,0,0,1,1,0,0,0,0
Verdict saying Switzerland violated rights by failing on climate action could ripple across Europe,1,0,0,0,0,1,1,0,0,0,0
Xylazine has infiltrated the UK's illicit drug market,1,0,0,0,0,1,1,0,0,0,0
Sen. Bob Menendez’s wife cites need for surgery in request to delay her trial,1,0,0,0,0,1,1,0,0,0,0
"Texas AG sues county over Uplift Harris program, calls it ‘illegal welfare scheme’",1,0,0,0,0,1,1,0,0,0,0
"Acetaminophen during pregnancy not linked to autism, ADHD, intellectual disability: Study",1,0,0,0,0,1,1,0,0,0,0
U.S. announces $138 million in emergency military sales of Hawk missile systems support for Ukraine,1,0,0,0,0,1,1,0,0,0,0
Former assistant principal charged with child neglect in case of 6-year-old boy who shot teacher,1,0,0,0,0,1,1,0,0,0,0
Police in Madrid and Paris on alert after IS threat to Champions League venues,1,0,0,0,0,1,1,0,0,0,0
Missouri man executed for killing his cousin and her husband in 2006,1,0,0,0,0,1,1,0,0,0,0
US gives Ukraine seized Iranian weapons that were headed to Houthis,1,0,0,0,0,0,0,0,0,0,0
European court rules human rights violated by climate inaction,1,0,0,0,0,0,0,0,0,0,0
Appeals court rejects Trump’s bid to delay hush money trial over gag order,1,0,0,0,0,0,0,0,0,0,0
"US Indo-Pacific Commander 'very, very concerned' about Chinese aggression in South China Sea",1,0,0,0,0,0,0,0,0,0,0
Trump says Jewish Americans who vote for Biden don’t love Israel and ‘should be spoken to’,1,0,0,0,0,0,0,0,0,0,0
Louisiana proposes bill similar to Texas’ migrant arrest law,1,0,0,0,0,0,0,0,0,0,0
Top military leaders face Congress over Pentagon budget and questions on Israel and Ukraine support,1,0,0,0,0,0,0,0,0,0,0
"More than 200 women and several men accuse doctor in lawsuit of sexual abuse, unnecessary exams",1,0,0,0,0,0,0,0,0,0,0
"Biden, Kishida likely to discuss Texas bullet train project, sources say",1,0,0,0,0,0,0,0,0,0,0
"Hepatitis viruses kill 3,500 people a day: WHO",1,0,0,0,0,0,0,0,0,0,0
Billy Dee Williams Says All Actors Should Be Allowed to Wear Blackface,1,0,0,0,0,0,0,0,0,0,0
Maryland governor and members of Congress to meet to discuss support for rebuilding collapsed bridge,1,0,0,0,0,0,0,0,0,0,0
Trump’s abortion statement angers conservatives and gives the Biden campaign a new target,1,0,0,0,0,0,0,0,0,0,0
RFK Jr.’s New York state director says her ‘No. 1 priority’ is preventing a Biden victory,1,0,0,0,0,0,0,0,0,0,0
Disney allowed to pause its federal lawsuit against Florida governor as part of settlement deal,0,1,0,0,0,0,0,0,0,0,0
Spain will scrap 'golden visas' that allow wealthy non-EU residents to stay if they buy real estate,0,1,0,0,0,0,0,0,0,0,0
"Spirit Airlines defers delivery of Airbus planes, furloughs 260 pilots",0,1,0,0,0,0,0,0,0,0,0
Views - Sharenet's Business & Finance Blog | Stock Markets Data,0,1,0,0,0,0,0,0,0,0,0
Views - Sharenet's Business & Finance Blog | Stock Markets Data,0,1,0,0,0,0,0,0,0,0,0
Views - Sharenet's Business & Finance Blog | Stock Markets Data,0,1,0,0,0,0,0,0,0,0,0
Views - Sharenet's Business & Finance Blog | Stock Markets Data,0,1,0,0,0,0,0,0,0,0,0
Views - Sharenet's Business & Finance Blog | Stock Markets Data,0,1,0,0,0,0,0,0,0,0,0
Views - Sharenet's Business & Finance Blog | Stock Markets Data,0,1,0,0,0,0,0,0,0,0,0
Views - Sharenet's Business & Finance Blog | Stock Markets Data,0,1,0,0,0,0,0,0,0,0,0
Views - Sharenet's Business & Finance Blog | Stock Markets Data,0,1,0,0,0,0,0,0,0,0,0
Views - Sharenet's Business & Finance Blog | Stock Markets Data,0,1,0,0,0,0,0,0,0,0,0
Views - Sharenet's Business & Finance Blog | Stock Markets Data,0,1,0,0,0,0,0,0,0,0,0
"Millions gather across US, Mexico and Canada for total solar eclipse",0,1,0,0,0,0,0,0,0,0,0
Views - Sharenet's Business & Finance Blog | Stock Markets Data,0,1,0,0,0,0,0,0,0,0,0
Views - Sharenet's Business & Finance Blog | Stock Markets Data,0,1,0,0,0,0,0,0,0,0,0
Views - Sharenet's Business & Finance Blog | Stock Markets Data,0,1,0,0,0,0,0,0,0,0,0
Views - Sharenet's Business & Finance Blog | Stock Markets Data,0,1,0,0,0,0,0,0,0,0,0
Views - Sharenet's Business & Finance Blog | Stock Markets Data,0,1,0,0,0,0,0,0,0,0,0
Former gas station chain owner gets Trump endorsement in Wisconsin congressional race,0,1,0,0,0,0,0,0,0,0,0
"Biden issues safety reminder ahead of solar eclipse: ‘Don’t be silly, folks’",0,1,0,0,0,0,0,0,0,0,0
"Two years after its historic win, a divided Amazon Labor Union lurches toward a leadership election",0,1,0,0,0,0,0,0,0,0,0
Views - Sharenet's Business & Finance Blog | Stock Markets Data,0,1,0,0,0,0,0,0,0,0,0
Views - Sharenet's Business & Finance Blog | Stock Markets Data,0,1,0,0,0,0,0,0,0,0,0
Views - Sharenet's Business & Finance Blog | Stock Markets Data,0,1,0,0,0,0,0,0,0,0,0
Views - Sharenet's Business & Finance Blog | Stock Markets Data,0,1,0,0,0,0,0,0,0,0,0
Views - Sharenet's Business & Finance Blog | Stock Markets Data,0,1,0,0,0,0,0,0,0,0,0
Views - Sharenet's Business & Finance Blog | Stock Markets Data,0,1,0,0,0,0,0,0,0,0,0
Views - Sharenet's Business & Finance Blog | Stock Markets Data,0,1,0,0,0,0,0,0,0,0,0
Views - Sharenet's Business & Finance Blog | Stock Markets Data,0,1,0,0,0,0,0,0,0,0,0
Views - Sharenet's Business & Finance Blog | Stock Markets Data,0,1,0,0,0,0,0,0,0,0,0
Views - Sharenet's Business & Finance Blog | Stock Markets Data,0,1,0,0,0,0,0,0,0,0,0
Views - Sharenet's Business & Finance Blog | Stock Markets Data,0,1,0,0,0,0,0,0,0,0,0
Views - Sharenet's Business & Finance Blog | Stock Markets Data,0,1,0,0,0,0,0,0,0,0,0
Views - Sharenet's Business & Finance Blog | Stock Markets Data,0,1,0,0,0,0,0,0,0,0,0
Views - Sharenet's Business & Finance Blog | Stock Markets Data,0,1,0,0,0,0,0,0,0,0,0
Views - Sharenet's Business & Finance Blog | Stock Markets Data,0,1,0,0,0,0,0,0,0,0,0
Views - Sharenet's Business & Finance Blog | Stock Markets Data,0,1,0,0,0,0,0,0,0,0,0
Views - Sharenet's Business & Finance Blog | Stock Markets Data,0,1,0,0,0,0,0,0,0,0,0
Views - Sharenet's Business & Finance Blog | Stock Markets Data,0,1,0,0,0,0,0,0,0,0,0
"In call with Blinken, father of killed aid worker urges tougher US stance on Israel in Gaza",0,1,0,0,0,0,0,0,0,0,0
Biden announces deal with Taiwan-based semiconductor manufacturer for US investments,0,1,0,0,0,0,0,0,0,0,0
"Kentucky father faked own death to avoid paying $100,000 in child support",0,1,0,0,0,0,0,0,0,0,0
Views - Sharenet's Business & Finance Blog | Stock Markets Data,0,1,0,0,0,0,0,0,0,0,0
Views - Sharenet's Business & Finance Blog | Stock Markets Data,0,1,0,0,0,0,0,0,0,0,0
Views - Sharenet's Business & Finance Blog | Stock Markets Data,0,1,0,0,0,0,0,0,0,0,0
Views - Sharenet's Business & Finance Blog | Stock Markets Data,0,1,0,0,0,0,0,0,0,0,0
Views - Sharenet's Business & Finance Blog | Stock Markets Data,0,1,0,0,0,0,0,0,0,0,0
Views - Sharenet's Business & Finance Blog | Stock Markets Data,0,1,0,0,0,0,0,0,0,0,0
Views - Sharenet's Business & Finance Blog | Stock Markets Data,0,1,0,0,0,0,0,0,0,0,0
Views - Sharenet's Business & Finance Blog | Stock Markets Data,0,1,0,0,0,0,0,0,0,0,0
Views - Sharenet's Business & Finance Blog | Stock Markets Data,0,1,0,0,0,0,0,0,0,0,0
Views - Sharenet's Business & Finance Blog | Stock Markets Data,0,1,0,0,0,0,0,0,0,0,0
Views - Sharenet's Business & Finance Blog | Stock Markets Data,0,1,0,0,0,0,0,0,0,0,0
Views - Sharenet's Business & Finance Blog | Stock Markets Data,0,1,0,0,0,0,0,0,0,0,0
Views - Sharenet's Business & Finance Blog | Stock Markets Data,0,1,0,0,0,0,0,0,0,0,0
Views - Sharenet's Business & Finance Blog | Stock Markets Data,0,1,0,0,0,0,0,0,0,0,0
Views - Sharenet's Business & Finance Blog | Stock Markets Data,0,1,0,0,0,0,0,0,0,0,0
Views - Sharenet's Business & Finance Blog | Stock Markets Data,0,1,0,0,0,0,0,0,0,0,0
Views - Sharenet's Business & Finance Blog | Stock Markets Data,0,1,0,0,0,0,0,0,0,0,0
Views - Sharenet's Business & Finance Blog | Stock Markets Data,0,1,0,0,0,0,0,0,0,0,0
Views - Sharenet's Business & Finance Blog | Stock Markets Data,0,1,0,0,0,0,0,0,0,0,0
Views - Sharenet's Business & Finance Blog | Stock Markets Data,0,1,0,0,0,0,0,0,0,0,0
Views - Sharenet's Business & Finance Blog | Stock Markets Data,0,1,0,0,0,0,0,0,0,0,0
Views - Sharenet's Business & Finance Blog | Stock Markets Data,0,1,0,0,0,0,0,0,0,0,0
Views - Sharenet's Business & Finance Blog | Stock Markets Data,0,1,0,0,0,0,0,0,0,0,0
Views - Sharenet's Business & Finance Blog | Stock Markets Data,0,1,0,0,0,0,0,0,0,0,0
Views - Sharenet's Business & Finance Blog | Stock Markets Data,0,1,0,0,0,0,0,0,0,0,0
Views - Sharenet's Business & Finance Blog | Stock Markets Data,0,1,0,0,0,0,0,0,0,0,0
Views - Sharenet's Business & Finance Blog | Stock Markets Data,0,1,0,0,0,0,0,0,0,0,0
Views - Sharenet's Business & Finance Blog | Stock Markets Data,0,1,0,0,0,0,0,0,0,0,0
Views - Sharenet's Business & Finance Blog | Stock Markets Data,0,1,0,0,0,0,0,0,0,0,0
Views - Sharenet's Business & Finance Blog | Stock Markets Data,0,1,0,0,0,0,0,0,0,0,0
Views - Sharenet's Business & Finance Blog | Stock Markets Data,0,1,0,0,0,0,0,0,0,0,0
Views - Sharenet's Business & Finance Blog | Stock Markets Data,0,1,0,0,0,0,0,0,0,0,0
Views - Sharenet's Business & Finance Blog | Stock Markets Data,0,1,0,0,0,0,0,0,0,0,0
Views - Sharenet's Business & Finance Blog | Stock Markets Data,0,1,0,0,0,0,0,0,0,0,0
Views - Sharenet's Business & Finance Blog | Stock Markets Data,0,1,0,0,0,0,0,0,0,0,0
Views - Sharenet's Business & Finance Blog | Stock Markets Data,0,1,0,0,0,0,0,0,0,0,0
Views - Sharenet's Business & Finance Blog | Stock Markets Data,0,1,0,0,0,0,0,0,0,0,0
Views - Sharenet's Business & Finance Blog | Stock Markets Data,0,1,0,0,0,0,0,0,0,0,0
Views - Sharenet's Business & Finance Blog | Stock Markets Data,0,1,0,0,0,0,0,0,0,0,0
Views - Sharenet's Business & Finance Blog | Stock Markets Data,0,1,0,0,0,0,0,0,0,0,0
Views - Sharenet's Business & Finance Blog | Stock Markets Data,0,1,0,0,0,0,0,0,0,0,0
Views - Sharenet's Business & Finance Blog | Stock Markets Data,0,1,0,0,0,0,0,0,0,0,0
Views - Sharenet's Business & Finance Blog | Stock Markets Data,0,1,0,0,0,0,0,0,0,0,0
Views - Sharenet's Business & Finance Blog | Stock Markets Data,0,1,0,0,0,0,0,0,0,0,0
Views - Sharenet's Business & Finance Blog | Stock Markets Data,0,1,0,0,0,0,0,0,0,0,0
Views - Sharenet's Business & Finance Blog | Stock Markets Data,0,1,0,0,0,0,0,0,0,0,0
Views - Sharenet's Business & Finance Blog | Stock Markets Data,0,1,0,0,0,0,0,0,0,0,0
Views - Sharenet's Business & Finance Blog | Stock Markets Data,0,1,0,0,0,0,0,0,0,0,0
Views - Sharenet's Business & Finance Blog | Stock Markets Data,0,1,0,0,0,0,0,0,0,0,0
Views - Sharenet's Business & Finance Blog | Stock Markets Data,0,1,0,0,0,0,0,0,0,0,0
Democrats introduce bill to name Miami prison after Trump,0,1,0,0,0,0,0,0,0,0,0
New York City to pay $17.5 million for forcing women to remove hijabs for mug shots,0,1,0,0,0,0,0,0,0,0,0
House Freedom Caucus lays out demands for considering Baltimore bridge funding,0,1,0,0,0,0,0,0,0,0,0
Views - Sharenet's Business & Finance Blog | Stock Markets Data,0,1,0,0,0,0,0,0,0,0,0
Views - Sharenet's Business & Finance Blog | Stock Markets Data,0,1,0,0,0,0,0,0,0,0,0
Views - Sharenet's Business & Finance Blog | Stock Markets Data,0,1,0,0,0,0,0,0,0,0,0
Views - Sharenet's Business & Finance Blog | Stock Markets Data,0,1,0,0,0,0,0,0,0,0,0
Views - Sharenet's Business & Finance Blog | Stock Markets Data,0,1,0,0,0,0,0,0,0,0,0
Views - Sharenet's Business & Finance Blog | Stock Markets Data,0,1,0,0,0,0,0,0,0,0,0
Views - Sharenet's Business & Finance Blog | Stock Markets Data,0,1,0,0,0,0,0,0,0,0,0
Views - Sharenet's Business & Finance Blog | Stock Markets Data,0,1,0,0,0,0,0,0,0,0,0
Views - Sharenet's Business & Finance Blog | Stock Markets Data,0,1,0,0,0,0,0,0,0,0,0
Views - Sharenet's Business & Finance Blog | Stock Markets Data,0,1,0,0,0,0,0,0,0,0,0
Views - Sharenet's Business & Finance Blog | Stock Markets Data,0,1,0,0,0,0,0,0,0,0,0
Views - Sharenet's Business & Finance Blog | Stock Markets Data,0,1,0,0,0,0,0,0,0,0,0
Views - Sharenet's Business & Finance Blog | Stock Markets Data,0,1,0,0,0,0,0,0,0,0,0
Views - Sharenet's Business & Finance Blog | Stock Markets Data,0,1,0,0,0,0,0,0,0,0,0
Views - Sharenet's Business & Finance Blog | Stock Markets Data,0,1,0,0,0,0,0,0,0,0,0
Views - Sharenet's Business & Finance Blog | Stock Markets Data,0,1,0,0,0,0,0,0,0,0,0
Views - Sharenet's Business & Finance Blog | Stock Markets Data,0,1,0,0,0,0,0,0,0,0,0
Views - Sharenet's Business & Finance Blog | Stock Markets Data,0,1,0,0,0,0,0,0,0,0,0
Views - Sharenet's Business & Finance Blog | Stock Markets Data,0,1,0,0,0,0,0,0,0,0,0
Views - Sharenet's Business & Finance Blog | Stock Markets Data,0,1,0,0,0,0,0,0,0,0,0
Views - Sharenet's Business & Finance Blog | Stock Markets Data,0,1,0,0,0,0,0,0,0,0,0
Views - Sharenet's Business & Finance Blog | Stock Markets Data,0,1,0,0,0,0,0,0,0,0,0
Views - Sharenet's Business & Finance Blog | Stock Markets Data,0,1,0,0,0,0,0,0,0,0,0
Views - Sharenet's Business & Finance Blog | Stock Markets Data,0,1,0,0,0,0,0,0,0,0,0
Views - Sharenet's Business & Finance Blog | Stock Markets Data,0,1,0,0,0,0,0,0,0,0,0
Views - Sharenet's Business & Finance Blog | Stock Markets Data,0,1,0,0,0,0,0,0,0,0,0
Views - Sharenet's Business & Finance Blog | Stock Markets Data,0,1,0,0,0,0,0,0,0,0,0
Tesla scraps low-cost car plans amid fierce Chinese EV competition,0,1,0,0,0,0,0,0,0,0,0
A senior UK lawmaker fell victim to a sexting scam. His colleagues are being urged to go to police,0,1,0,0,0,0,0,0,0,0,0
NHS consultants in England accept pay offer and end pay dispute and strike action,0,1,0,0,0,0,0,0,0,0,0
Views - Sharenet's Business & Finance Blog | Stock Markets Data,0,1,0,0,0,0,0,0,0,0,0
Views - Sharenet's Business & Finance Blog | Stock Markets Data,0,1,0,0,0,0,0,0,0,0,0
Views - Sharenet's Business & Finance Blog | Stock Markets Data,0,1,0,0,0,0,0,0,0,0,0
Views - Sharenet's Business & Finance Blog | Stock Markets Data,0,1,0,0,0,0,0,0,0,0,0
Views - Sharenet's Business & Finance Blog | Stock Markets Data,0,1,0,0,0,0,0,0,0,0,0
Views - Sharenet's Business & Finance Blog | Stock Markets Data,0,1,0,0,0,0,0,0,0,0,0
Views - Sharenet's Business & Finance Blog | Stock Markets Data,0,1,0,0,0,0,0,0,0,0,0
Views - Sharenet's Business & Finance Blog | Stock Markets Data,0,1,0,0,0,0,0,0,0,0,0
Views - Sharenet's Business & Finance Blog | Stock Markets Data,0,1,0,0,0,0,0,0,0,0,0
"Magnitude 4.7 earthquake strikes New York, New Jersey region",0,1,0,0,0,0,0,0,0,0,0
Views - Sharenet's Business & Finance Blog | Stock Markets Data,0,1,0,0,0,0,0,0,0,0,0
Views - Sharenet's Business & Finance Blog | Stock Markets Data,0,1,0,0,0,0,0,0,0,0,0
Views - Sharenet's Business & Finance Blog | Stock Markets Data,0,1,0,0,0,0,0,0,0,0,0
Views - Sharenet's Business & Finance Blog | Stock Markets Data,0,1,0,0,0,0,0,0,0,0,0
Views - Sharenet's Business & Finance Blog | Stock Markets Data,0,1,0,0,0,0,0,0,0,0,0
Views - Sharenet's Business & Finance Blog | Stock Markets Data,0,1,0,0,0,0,0,0,0,0,0
Views - Sharenet's Business & Finance Blog | Stock Markets Data,0,1,0,0,0,0,0,0,0,0,0
Views - Sharenet's Business & Finance Blog | Stock Markets Data,0,1,0,0,0,0,0,0,0,0,0
Views - Sharenet's Business & Finance Blog | Stock Markets Data,0,1,0,0,0,0,0,0,0,0,0
Views - Sharenet's Business & Finance Blog | Stock Markets Data,0,1,0,0,0,0,0,0,0,0,0
Views - Sharenet's Business & Finance Blog | Stock Markets Data,0,1,0,0,0,0,0,0,0,0,0
Views - Sharenet's Business & Finance Blog | Stock Markets Data,0,1,0,0,0,0,0,0,0,0,0
Views - Sharenet's Business & Finance Blog | Stock Markets Data,0,1,0,0,0,0,0,0,0,0,0
Views - Sharenet's Business & Finance Blog | Stock Markets Data,0,1,0,0,0,0,0,0,0,0,0
Views - Sharenet's Business & Finance Blog | Stock Markets Data,0,1,0,0,0,0,0,0,0,0,0
Views - Sharenet's Business & Finance Blog | Stock Markets Data,0,1,0,0,0,0,0,0,0,0,0
Views - Sharenet's Business & Finance Blog | Stock Markets Data,0,1,0,0,0,0,0,0,0,0,0
Views - Sharenet's Business & Finance Blog | Stock Markets Data,0,1,0,0,0,0,0,0,0,0,0
Views - Sharenet's Business & Finance Blog | Stock Markets Data,0,1,0,0,0,0,0,0,0,0,0
Views - Sharenet's Business & Finance Blog | Stock Markets Data,0,1,0,0,0,0,0,0,0,0,0
Views - Sharenet's Business & Finance Blog | Stock Markets Data,0,1,0,0,0,0,0,0,0,0,0
Views - Sharenet's Business & Finance Blog | Stock Markets Data,0,1,0,0,0,0,0,0,0,0,0
Views - Sharenet's Business & Finance Blog | Stock Markets Data,0,1,0,0,0,0,0,0,0,0,0
Views - Sharenet's Business & Finance Blog | Stock Markets Data,0,1,0,0,0,0,0,0,0,0,0
Views - Sharenet's Business & Finance Blog | Stock Markets Data,0,1,0,0,0,0,0,0,0,0,0
Views - Sharenet's Business & Finance Blog | Stock Markets Data,0,1,0,0,0,0,0,0,0,0,0
Views - Sharenet's Business & Finance Blog | Stock Markets Data,0,1,0,0,0,0,0,0,0,0,0
Views - Sharenet's Business & Finance Blog | Stock Markets Data,0,1,0,0,0,0,0,0,0,0,0
Views - Sharenet's Business & Finance Blog | Stock Markets Data,0,1,0,0,0,0,0,0,0,0,0
Views - Sharenet's Business & Finance Blog | Stock Markets Data,0,1,0,0,0,0,0,0,0,0,0
Views - Sharenet's Business & Finance Blog | Stock Markets Data,0,1,0,0,0,0,0,0,0,0,0
Views - Sharenet's Business & Finance Blog | Stock Markets Data,0,1,0,0,0,0,0,0,0,0,0
Views - Sharenet's Business & Finance Blog | Stock Markets Data,0,1,0,0,0,0,0,0,0,0,0
Views - Sharenet's Business & Finance Blog | Stock Markets Data,0,1,0,0,0,0,0,0,0,0,0
Views - Sharenet's Business & Finance Blog | Stock Markets Data,0,1,0,0,0,0,0,0,0,0,0
Views - Sharenet's Business & Finance Blog | Stock Markets Data,0,1,0,0,0,0,0,0,0,0,0
Views - Sharenet's Business & Finance Blog | Stock Markets Data,0,1,0,0,0,0,0,0,0,0,0
Views - Sharenet's Business & Finance Blog | Stock Markets Data,0,1,0,0,0,0,0,0,0,0,0
Views - Sharenet's Business & Finance Blog | Stock Markets Data,0,1,0,0,0,0,0,0,0,0,0
Views - Sharenet's Business & Finance Blog | Stock Markets Data,0,1,0,0,0,0,0,0,0,0,0
Views - Sharenet's Business & Finance Blog | Stock Markets Data,0,1,0,0,0,0,0,0,0,0,0
Views - Sharenet's Business & Finance Blog | Stock Markets Data,0,1,0,0,0,0,0,0,0,0,0
Views - Sharenet's Business & Finance Blog | Stock Markets Data,0,1,0,0,0,0,0,0,0,0,0
Views - Sharenet's Business & Finance Blog | Stock Markets Data,0,1,0,0,0,0,0,0,0,0,0
Views - Sharenet's Business & Finance Blog | Stock Markets Data,0,1,0,0,0,0,0,0,0,0,0
Views - Sharenet's Business & Finance Blog | Stock Markets Data,0,1,0,0,0,0,0,0,0,0,0
Israel dismisses 2 officers over deadly drone strikes on aid workers in Gaza,0,1,0,0,0,0,0,0,0,0,0
Views - Sharenet's Business & Finance Blog | Stock Markets Data,0,1,0,0,0,0,0,0,0,0,0
Views - Sharenet's Business & Finance Blog | Stock Markets Data,0,1,0,0,0,0,0,0,0,0,0
Views - Sharenet's Business & Finance Blog | Stock Markets Data,0,1,0,0,0,0,0,0,0,0,0
Views - Sharenet's Business & Finance Blog | Stock Markets Data,0,1,0,0,0,0,0,0,0,0,0
Views - Sharenet's Business & Finance Blog | Stock Markets Data,0,1,0,0,0,0,0,0,0,0,0
Views - Sharenet's Business & Finance Blog | Stock Markets Data,0,1,0,0,0,0,0,0,0,0,0
Views - Sharenet's Business & Finance Blog | Stock Markets Data,0,1,0,0,0,0,0,0,0,0,0
Views - Sharenet's Business & Finance Blog | Stock Markets Data,0,1,0,0,0,0,0,0,0,0,0
Views - Sharenet's Business & Finance Blog | Stock Markets Data,0,1,0,0,0,0,0,0,0,0,0
Views - Sharenet's Business & Finance Blog | Stock Markets Data,0,1,0,0,0,0,0,0,0,0,0
Views - Sharenet's Business & Finance Blog | Stock Markets Data,0,1,0,0,0,0,0,0,0,0,0
Views - Sharenet's Business & Finance Blog | Stock Markets Data,0,1,0,0,0,0,0,0,0,0,0
Views - Sharenet's Business & Finance Blog | Stock Markets Data,0,1,0,0,0,0,0,0,0,0,0
Views - Sharenet's Business & Finance Blog | Stock Markets Data,0,1,0,0,0,0,0,0,0,0,0
Views - Sharenet's Business & Finance Blog | Stock Markets Data,0,1,0,0,0,0,0,0,0,0,0
Views - Sharenet's Business & Finance Blog | Stock Markets Data,0,1,0,0,0,0,0,0,0,0,0
Views - Sharenet's Business & Finance Blog | Stock Markets Data,0,1,0,0,0,0,0,0,0,0,0
Views - Sharenet's Business & Finance Blog | Stock Markets Data,0,1,0,0,0,0,0,0,0,0,0
Views - Sharenet's Business & Finance Blog | Stock Markets Data,0,1,0,0,0,0,0,0,0,0,0
Views - Sharenet's Business & Finance Blog | Stock Markets Data,0,1,0,0,0,0,0,0,0,0,0
Views - Sharenet's Business & Finance Blog | Stock Markets Data,0,1,0,0,0,0,0,0,0,0,0
Views - Sharenet's Business & Finance Blog | Stock Markets Data,0,1,0,0,0,0,0,0,0,0,0
Views - Sharenet's Business & Finance Blog | Stock Markets Data,0,1,0,0,0,0,0,0,0,0,0
Views - Sharenet's Business & Finance Blog | Stock Markets Data,0,1,0,0,0,0,0,0,0,0,0
Views - Sharenet's Business & Finance Blog | Stock Markets Data,0,1,0,0,0,0,0,0,0,0,0
Views - Sharenet's Business & Finance Blog | Stock Markets Data,0,1,0,0,0,0,0,0,0,0,0
Views - Sharenet's Business & Finance Blog | Stock Markets Data,0,1,0,0,0,0,0,0,0,0,0
Views - Sharenet's Business & Finance Blog | Stock Markets Data,0,1,0,0,0,0,0,0,0,0,0
Views - Sharenet's Business & Finance Blog | Stock Markets Data,0,1,0,0,0,0,0,0,0,0,0
Views - Sharenet's Business & Finance Blog | Stock Markets Data,0,1,0,0,0,0,0,0,0,0,0
Views - Sharenet's Business & Finance Blog | Stock Markets Data,0,1,0,0,0,0,0,0,0,0,0
Views - Sharenet's Business & Finance Blog | Stock Markets Data,0,1,0,0,0,0,0,0,0,0,0
Views - Sharenet's Business & Finance Blog | Stock Markets Data,0,1,0,0,0,0,0,0,0,0,0
Views - Sharenet's Business & Finance Blog | Stock Markets Data,0,1,0,0,0,0,0,0,0,0,0
Views - Sharenet's Business & Finance Blog | Stock Markets Data,0,1,0,0,0,0,0,0,0,0,0
Views - Sharenet's Business & Finance Blog | Stock Markets Data,0,1,0,0,0,0,0,0,0,0,0
Views - Sharenet's Business & Finance Blog | Stock Markets Data,0,1,0,0,0,0,0,0,0,0,0
Views - Sharenet's Business & Finance Blog | Stock Markets Data,0,1,0,0,0,0,0,0,0,0,0
Views - Sharenet's Business & Finance Blog | Stock Markets Data,0,1,0,0,0,0,0,0,0,0,0
Views - Sharenet's Business & Finance Blog | Stock Markets Data,0,1,0,0,0,0,0,0,0,0,0
Views - Sharenet's Business & Finance Blog | Stock Markets Data,0,1,0,0,0,0,0,0,0,0,0
Views - Sharenet's Business & Finance Blog | Stock Markets Data,0,1,0,0,0,0,0,0,0,0,0
Views - Sharenet's Business & Finance Blog | Stock Markets Data,0,1,0,0,0,0,0,0,0,0,0
Views - Sharenet's Business & Finance Blog | Stock Markets Data,0,1,0,0,0,0,0,0,0,0,0
Views - Sharenet's Business & Finance Blog | Stock Markets Data,0,1,0,0,0,0,0,0,0,0,0
Views - Sharenet's Business & Finance Blog | Stock Markets Data,0,1,0,0,0,0,0,0,0,0,0
Views - Sharenet's Business & Finance Blog | Stock Markets Data,0,1,0,0,0,0,0,0,0,0,0
Views - Sharenet's Business & Finance Blog | Stock Markets Data,0,1,0,0,0,0,0,0,0,0,0
Views - Sharenet's Business & Finance Blog | Stock Markets Data,0,1,0,0,0,0,0,0,0,0,0
Views - Sharenet's Business & Finance Blog | Stock Markets Data,0,1,0,0,0,0,0,0,0,0,0
Views - Sharenet's Business & Finance Blog | Stock Markets Data,0,1,0,0,0,0,0,0,0,0,0
Views - Sharenet's Business & Finance Blog | Stock Markets Data,0,1,0,0,0,0,0,0,0,0,0
Views - Sharenet's Business & Finance Blog | Stock Markets Data,0,1,0,0,0,0,0,0,0,0,0
Views - Sharenet's Business & Finance Blog | Stock Markets Data,0,1,0,0,0,0,0,0,0,0,0
Views - Sharenet's Business & Finance Blog | Stock Markets Data,0,1,0,0,0,0,0,0,0,0,0
Views - Sharenet's Business & Finance Blog | Stock Markets Data,0,1,0,0,0,0,0,0,0,0,0
Views - Sharenet's Business & Finance Blog | Stock Markets Data,0,1,0,0,0,0,0,0,0,0,0
Views - Sharenet's Business & Finance Blog | Stock Markets Data,0,1,0,0,0,0,0,0,0,0,0
Views - Sharenet's Business & Finance Blog | Stock Markets Data,0,1,0,0,0,0,0,0,0,0,0
Views - Sharenet's Business & Finance Blog | Stock Markets Data,0,1,0,0,0,0,0,0,0,0,0
Views - Sharenet's Business & Finance Blog | Stock Markets Data,0,1,0,0,0,0,0,0,0,0,0
Views - Sharenet's Business & Finance Blog | Stock Markets Data,0,1,0,0,0,0,0,0,0,0,0
Views - Sharenet's Business & Finance Blog | Stock Markets Data,0,1,0,0,0,0,0,0,0,0,0
Police arrest 22 in EU raids linked to suspected theft of Italy's pandemic funds worth $650 million,0,1,0,0,0,0,0,0,0,0,0
RFK Jr. campaign says email defending Jan. 6 ‘activists’ was an error,0,1,0,0,0,0,0,0,0,0,0
Views - Sharenet's Business & Finance Blog | Stock Markets Data,0,1,0,0,0,0,0,0,0,0,0
Views - Sharenet's Business & Finance Blog | Stock Markets Data,0,1,0,0,0,0,0,0,0,0,0
Views - Sharenet's Business & Finance Blog | Stock Markets Data,0,1,0,0,0,0,0,0,0,0,0
Views - Sharenet's Business & Finance Blog | Stock Markets Data,0,1,0,0,0,0,0,0,0,0,0
Views - Sharenet's Business & Finance Blog | Stock Markets Data,0,1,0,0,0,0,0,0,0,0,0
Views - Sharenet's Business & Finance Blog | Stock Markets Data,0,1,0,0,0,0,0,0,0,0,0
Views - Sharenet's Business & Finance Blog | Stock Markets Data,0,1,0,0,0,0,0,0,0,0,0
Views - Sharenet's Business & Finance Blog | Stock Markets Data,0,1,0,0,0,0,0,0,0,0,0
Views - Sharenet's Business & Finance Blog | Stock Markets Data,0,1,0,0,0,0,0,0,0,0,0
Views - Sharenet's Business & Finance Blog | Stock Markets Data,0,1,0,0,0,0,0,0,0,0,0
Views - Sharenet's Business & Finance Blog | Stock Markets Data,0,1,0,0,0,0,0,0,0,0,0
Views - Sharenet's Business & Finance Blog | Stock Markets Data,0,1,0,0,0,0,0,0,0,0,0
Views - Sharenet's Business & Finance Blog | Stock Markets Data,0,1,0,0,0,0,0,0,0,0,0
Views - Sharenet's Business & Finance Blog | Stock Markets Data,0,1,0,0,0,0,0,0,0,0,0
Views - Sharenet's Business & Finance Blog | Stock Markets Data,0,1,0,0,0,0,0,0,0,0,0
California Democrats agree on plan to reduce budget deficit by $17.3 billion,0,1,0,0,0,0,0,0,0,0,0
Views - Sharenet's Business & Finance Blog | Stock Markets Data,0,1,0,0,0,0,0,0,0,0,0
Views - Sharenet's Business & Finance Blog | Stock Markets Data,0,1,0,0,0,0,0,0,0,0,0
Views - Sharenet's Business & Finance Blog | Stock Markets Data,0,1,0,0,0,0,0,0,0,0,0
Views - Sharenet's Business & Finance Blog | Stock Markets Data,0,1,0,0,0,0,0,0,0,0,0
"Hot air balloon pilot had anesthetic in his system at time of crash that killed 4, report says",0,1,0,0,0,0,0,0,0,0,0
Views - Sharenet's Business & Finance Blog | Stock Markets Data,0,1,0,0,0,0,0,0,0,0,0
New York AG questions whether California company can handle Trump's $175M bond,0,1,0,0,0,0,0,0,0,0,0
Views - Sharenet's Business & Finance Blog | Stock Markets Data,0,1,0,0,0,0,0,0,0,0,0
Views - Sharenet's Business & Finance Blog | Stock Markets Data,0,1,0,0,0,0,0,0,0,0,0
Views - Sharenet's Business & Finance Blog | Stock Markets Data,0,1,0,0,0,0,0,0,0,0,0
Views - Sharenet's Business & Finance Blog | Stock Markets Data,0,1,0,0,0,0,0,0,0,0,0
Views - Sharenet's Business & Finance Blog | Stock Markets Data,0,1,0,0,0,0,0,0,0,0,0
Views - Sharenet's Business & Finance Blog | Stock Markets Data,0,1,0,0,0,0,0,0,0,0,0
Views - Sharenet's Business & Finance Blog | Stock Markets Data,0,0,0,0,0,0,0,1,1,0,0
Views - Sharenet's Business & Finance Blog | Stock Markets Data,0,0,0,0,0,0,0,1,1,0,0
Views - Sharenet's Business & Finance Blog | Stock Markets Data,0,0,0,0,0,0,0,1,1,0,0
Views - Sharenet's Business & Finance Blog | Stock Markets Data,0,0,0,0,0,0,0,1,1,0,0
Views - Sharenet's Business & Finance Blog | Stock Markets Data,0,0,0,0,0,0,0,1,1,0,0
Views - Sharenet's Business & Finance Blog | Stock Markets Data,0,0,0,0,0,0,0,1,1,0,0
Views - Sharenet's Business & Finance Blog | Stock Markets Data,0,0,0,0,0,0,0,1,1,0,0
Views - Sharenet's Business & Finance Blog | Stock Markets Data,0,0,0,0,0,0,0,1,1,0,0
Views - Sharenet's Business & Finance Blog | Stock Markets Data,0,0,0,0,0,0,0,1,1,0,0
Views - Sharenet's Business & Finance Blog | Stock Markets Data,0,0,0,0,0,0,0,1,1,0,0
Views - Sharenet's Business & Finance Blog | Stock Markets Data,0,0,0,0,0,0,0,1,1,0,0
Views - Sharenet's Business & Finance Blog | Stock Markets Data,0,0,0,0,0,0,0,1,1,0,0
Views - Sharenet's Business & Finance Blog | Stock Markets Data,0,0,0,0,0,0,0,1,1,0,0
Views - Sharenet's Business & Finance Blog | Stock Markets Data,0,0,0,0,0,0,0,1,1,0,0
Views - Sharenet's Business & Finance Blog | Stock Markets Data,0,0,0,0,0,0,0,1,1,0,0
Judge denies Trump bid to dismiss classified documents case using Presidential Records Act,0,0,0,0,0,0,0,1,1,0,0
Denmark warns of 'falling missile fragments' in busy sea lane,0,0,0,0,0,0,0,1,1,0,0
Civil servants request to stop work over arms sales to Israel,0,0,0,0,0,0,0,1,1,0,0
Finland Extends Russian Border Closing Indefinitely,0,0,0,0,0,0,0,1,1,0,0
Former supreme court judges say UK arming Israel breaches international law,0,0,0,0,0,0,0,1,1,0,0
Prosecutors recommend at least 10 years in prison for parents of Michigan school shooter,0,0,0,0,0,0,0,1,1,0,0
"NATO foreign ministers mark 75 years of alliance, discuss more support for Ukraine",0,0,0,0,0,0,0,1,1,0,0
Biden faces protest over his support for Israel during White House meeting,0,0,0,0,0,0,0,1,1,0,0
Russia says concert attack has spurred army recruitment,0,0,0,0,0,0,0,1,1,0,0
Lawsuit challenges $1 billion in federal funding to sustain California’s last nuclear power plant,0,0,0,0,0,0,0,1,1,0,0
Prosecutors in Trump’s classified documents case sharply rebuke judge’s unusual and ‘flawed’ order,1,0,0,0,0,0,0,0,0,0,0
Former ESPN Host Sage Steele Says Biden Interview Was 'Scripted',1,0,0,0,0,0,0,0,0,0,0
"Cruise ship carrying 1,500 passengers stuck in Spain port due to Bolivian passengers’ visa problems",1,0,0,0,0,0,0,0,0,0,0
"‘Maybe Texas went too far’ with immigration law, state lawyer tells federal court",1,0,0,0,0,0,0,0,0,0,0
California enters spring with vital snowpack above average for a second year,1,0,0,0,0,0,0,0,0,0,0
"Trump Leads Biden in Six of Seven Swing States, WSJ Poll Finds",1,0,0,0,0,0,0,0,0,0,0
Maryland lawmakers debate tax and fee package. Some Democrats worry it may cost party the US Senate,1,0,0,0,0,0,0,0,0,0,0
Costco launches weight loss program for members,1,0,0,0,0,0,0,0,0,0,0
Trump wins Rhode Island GOP primary,1,0,0,0,0,0,0,0,0,0,0
Lawmakers in GOP-led Nebraska advance bill to raise sales tax,1,0,0,0,0,0,0,0,0,0,0
Biden administration approves the nation’s eighth large offshore wind project,1,0,0,0,0,0,0,0,0,0,0
"Judge sides with conservative group in its push to access, publish voter rolls online",1,0,0,0,0,0,0,0,0,0,0
"Biden and Xi discuss Taiwan, AI and fentanyl in a push to return to regular leader talks",1,0,0,0,0,0,0,0,0,0,0
Cargo Ship's Owner and Manager Seek to Limit Legal Liability for Deadly Baltimore Bridge Disaster,1,0,0,0,0,0,0,0,0,0,0
IRS claws back money given to businesses under fraud-ridden COVID-era tax credit program,1,0,0,0,0,0,0,0,0,0,0
Trump to go after Biden on the border and crime when he visits battleground Michigan and Wisconsin,1,0,0,0,0,0,0,0,0,0,0
"Trump posts $175 million bond in civil fraud case, averting asset seizures",1,0,0,0,0,0,0,0,0,0,0
Top Russian official says US dictates NATO spending,1,0,0,0,0,0,0,0,0,0,0
Vermont advances bill requiring fossil fuel companies pay for damage caused by climate change,1,0,0,0,0,0,0,0,0,0,0
Florida top court lets abortion rights ballot measure go to voters,1,0,0,0,0,0,0,0,0,0,0
Two men charged with distributing illicit drugs in death of transgender activist,1,0,0,0,0,0,0,0,0,0,0
Adidas to 'block' number 44 from Germany kits over semblance to Nazi 'SS' symbol,1,0,0,0,0,0,0,0,0,0,0
Michigan governor signs bill decriminalizing paid surrogacy,1,0,0,0,0,0,0,0,0,0,0
"Premiers making 'political hay' out of carbon pricing increase, Trudeau says",0,0,1,0,0,0,0,0,0,0,0
‘Artificial sun’ sets record for time at 100 million degrees in latest advance for nuclear fusion,0,0,1,0,0,0,0,0,0,0,0
"Manhattan DA urges judge to expand Trump gag order over ‘dangerous, violent’ rhetoric",0,0,1,0,0,0,0,0,0,0,0
Texas Judge Allows Release of Migrants Arrested After Border Stampede,0,0,1,0,0,0,0,0,0,0,0
"Firms, consumers more optimistic about economy amid expected rate cuts: BoC surveys",0,0,1,0,0,0,0,0,0,0,0
US military says it destroyed Houthi drones over the Red Sea and in Yemen,0,0,1,0,0,0,0,0,0,0,0
Alex Murdaugh is sentenced to another 40 years in prison for federal financial crimes,0,0,1,0,0,0,0,0,0,0,0
Indonesian president-elect visits China after decade of close ties,0,0,1,0,0,0,0,0,0,0,0
Controversial hate crime law comes into effect,0,0,1,0,0,0,0,0,0,0,0
"In setback to Turkiye's Erdogan, opposition makes huge gains in local election",0,0,1,0,0,0,0,0,0,0,0
"Tunnel to Towers pays off mortgage for NYPD Officer Diller’s wife, son",1,0,0,0,0,0,0,0,0,0,0
US tuberculosis cases were at their the highest level in a decade in 2023,1,0,0,0,0,0,0,0,0,0,0
"Georgia Republican official fined $5,000 for voting illegally nine times",1,0,0,0,0,0,0,0,0,0,0
Biden administration restores threatened species protections dropped by Trump,1,0,0,0,0,0,0,0,0,0,0
Trump backers try again to recall Wisconsin GOP Assembly speaker as first effort stalls,1,0,0,0,0,0,0,0,0,0,0
"Pennsylvania's mail-in ballot dating rule is legal under civil rights law, appeals court says",1,0,0,0,0,0,0,0,0,0,0
Russia perseveres with bombardments of Ukraine in an effort to wear down air defenses,1,0,0,0,0,0,0,0,0,0,0
"Republican committee to select Buck's likely replacement, adding a challenge to Boebert's campaign",1,0,0,0,0,0,0,0,0,0,0
Data confirms UK economy went into recession last year,1,0,0,0,0,0,0,0,0,0,0
U.S. congressional delegation pledges continued defense support for Taiwan,1,0,0,0,0,0,0,0,0,0,0
Judge forges ahead with pretrial motions in Georgia election interference case,1,0,0,0,0,0,0,0,0,0,0
Doctors visiting a Gaza hospital are stunned by the war's toll on Palestinian children,1,0,0,0,0,0,0,0,0,0,0
"Russian guided bombs hit Ukrainian city of Kharkiv, one killed, officials say",1,0,0,0,0,0,0,0,0,0,0
Ireland to intervene in South Africa genocide case against Israel,1,0,0,0,0,0,0,0,0,0,0
China's Xiaomi to enter cut-throat EV market for the first time,1,0,0,0,0,0,0,0,0,0,0
Moscow concert attack: fear death toll higher after reports of up to 100 missing,1,0,0,0,0,0,0,0,0,0,0
Trump planning to attend the wake of slain NYPD officer,1,0,0,0,0,0,0,0,0,0,0
Families of 5 men killed by Minnesota police reach settlement with state crime bureau,1,0,0,0,0,0,0,0,0,0,0
"Army Corps of Engineers to deploy 1,100 personnel to Baltimore after bridge collapse",1,0,0,0,0,0,0,0,0,0,0
North American cities may see a major species turnover by the end of the century,1,0,0,0,0,0,0,0,0,0,0
Moscow concert attack: fear death toll higher after reports of up to 100 missing,1,0,0,0,0,0,0,0,0,0,0
"MyPillow, owned by election denier Mike Lindell, faces eviction from Minnesota warehouse",0,0,0,0,0,0,1,0,0,0,0
"Measles cases in Canada are increasing, Canada's chief public health officer warns",0,0,0,0,0,0,1,0,0,0,0
"Obama making regular calls to Biden’s chief of staff, fears Trump 2024 win: report",0,0,0,0,0,0,1,0,0,0,0
"Mississippi hits BlackRock with cease and desist, threatens massive fine over ESG policies",0,0,0,0,0,0,1,0,0,0,0
"Mississippi hits BlackRock with cease and desist, threatens massive fine over ESG policies",0,0,0,0,0,0,1,0,0,0,0
A faster spinning Earth may cause timekeepers to subtract a second from world clocks,0,0,0,0,0,0,1,0,0,0,0
Oil prices fall for a second day as US crude inventories increase,0,0,0,0,0,0,1,0,0,0,0
India summons US diplomat over Washington's statement on Arvind Kejriwal's arrest,0,0,0,0,0,0,1,0,0,0,0
New Mexico regulators worry about US plans to ship radioactive waste back from Texas,0,0,0,0,0,0,1,0,0,0,0
Chinese leader Xi tells Dutch PM that restricting technology access won’t stop China’s advance,0,0,0,0,0,0,1,0,0,0,0
KJP hangs up on North Carolina radio host after ‘offensive’ question about whether Biden has dementia,0,0,0,0,0,0,1,0,0,0,0
AP-NORC Poll: Trump evokes more anger and fear from Democrats than Biden does from Republicans,0,0,0,0,0,0,1,0,0,0,0
6 presumed dead after cargo ship slams into Baltimore bridge,0,0,0,0,0,0,1,0,0,0,0
"Up to eight million UK jobs at risk from AI, report says",0,0,0,0,0,0,1,0,0,0,0
Musk says xAI’s chatbot Grok will be available to all premium X subscribers,0,0,0,0,0,0,1,0,0,0,0
6 presumed dead after cargo ship slams into Baltimore bridge,0,0,0,0,0,0,1,0,0,0,0
Lukashenko Says Moscow Attackers Tried Fleeing To Belarus First,1,0,0,0,0,0,0,0,0,0,0
Microsoft picks company veteran Pavan Davuluri to lead Windows and Surface,1,0,0,0,0,0,0,0,0,0,0
Hamas leader Ismail Haniyeh heads to Iran for second meeting in six months,1,0,0,0,0,0,0,0,0,0,0
"Canada Goose to cut 17% of its corporate workforce, following string of retail layoffs",1,0,0,0,0,0,0,0,0,0,0
"Aliyah Jaico, eight, dies after being 'violently sucked' into hotel swimming pool pipes in Texas",1,0,0,0,0,0,0,0,0,0,0
Biden gains on Trump in six battleground states in new poll,1,0,0,0,0,0,0,0,0,0,0
RFK Jr. to Name California Lawyer Nicole Shanahan as Running Mate: Report,1,0,0,0,0,0,0,0,0,0,0
Utah coach says team was shaken after experiencing racial hate at hotel during NCAA Tournament,1,0,0,0,0,0,0,0,0,0,0
Biden and Harris team up for a rare joint appearance in North Carolina to take on GOP over health care,1,0,0,0,0,0,0,0,0,0,0
"Wind and sun are free, but it’s harder to get renewable energy projects built these days. Here’s why",1,0,0,0,0,0,0,0,0,0,0
Moscow schoolboys 'saved over 100' from Crocus City Hall attack,1,0,0,0,0,0,0,0,0,0,0
Some Families in Massachusetts Shelters Will Have to Document Efforts to Find Path Out,1,0,0,0,0,0,0,0,0,0,0
Illinois parole official quits after police say a freed felon attacked a woman and killed her son,1,0,0,0,0,0,0,0,0,0,0
Ohio man gets 2.5 years in prison for death threats made in 2022 to Arizona’s top election official,1,0,0,0,0,0,0,0,0,0,0
"Trump says Hamas’ Oct 7 attack was horrible, but Israel should wrap up war",1,0,0,0,0,0,0,0,0,0,0
"US, UK accuse China over spy campaign that may have hit millions",1,0,0,0,0,0,0,0,0,0,0
UN Security Council passes Gaza ceasefire resolution after US abstains,1,0,0,0,0,0,0,0,0,0,0
"3 Maryland middle schoolers charged with hate crimes after displaying swastikas, officials say",1,0,0,0,0,0,0,0,0,0,0
"Measles cases in US rise to 62 as of Thursday, says CDC",1,0,0,0,0,0,0,0,0,0,0
Michigan Republican to take helm of House China panel after Gallagher’s departure,1,0,0,0,0,0,0,0,0,0,0
Boeing CEO Dave Calhoun and slew of executives to step down amid safety crisis,1,0,0,0,0,0,0,0,0,0,0
Kyiv endures a third air attack in 5 days as Russia steps up bombardment of cities,1,0,0,0,0,0,0,0,0,0,0
Evan Gershkovich's parents speak out nearly 1 year after American journalist detained by Russia,1,0,0,0,0,0,0,0,0,0,0
Moscow attack: Russian court charges four men with act of terrorism,1,0,0,0,0,0,0,0,0,0,0
Moscow attack: Russian court charges four men with act of terrorism,1,0,0,0,0,0,0,0,0,0,0
Kamala Harris unknowingly claps and nods along to song protesting her during visit to Puerto Rico,1,0,0,0,0,0,0,0,0,0,0
Harris says US has not ruled out 'consequences' if Israel invades Rafah,1,0,0,0,0,0,0,0,0,0,0
80th anniversary of the 'Great Escape' from Nazi German POW camp marked in Poland,1,0,0,0,0,0,0,0,0,0,0
"Santos says he’s leaving GOP, will run as independent in New York House race",0,1,0,0,0,0,0,0,0,0,0
Trump tops Biden by 8 points in Michigan poll,0,1,0,0,0,0,0,0,0,0,0
Police investigate Tory donor's alleged racist comments about Diane Abbott,0,1,0,0,0,0,0,0,0,0,0
Ronna McDaniel joins NBC News as contributor,0,1,0,0,0,0,0,0,0,0,0
Congress rushes to approve final package of spending bills before shutdown deadline,0,1,0,0,0,0,0,0,0,0,0
Passengers of Alaska Airlines 1282 flight receive letter from FBI identifying them as victims of a possible crime,0,1,0,0,0,0,0,0,0,0,0
"State Farm discontinuing 72,000 home insurance policies in California in latest blow to state market",0,1,0,0,0,0,0,0,0,0,0
A Pakistani court sentences a woman to life in prison for burning pages from Islam's holy book,0,1,0,0,0,0,0,0,0,0,0
16 Republican AGs sue Biden administration over LNG exports pause,0,1,0,0,0,0,0,0,0,0,0
US imposes sanctions on Nicaragua's attorney general,0,1,0,0,0,0,0,0,0,0,0
European Union leaders approve opening accession talks with Bosnia and Herzegovina,0,1,0,0,0,0,0,0,0,0,0
Tennessee just became the first state to protect musicians and other artists against AI,0,1,0,0,0,0,0,0,0,0,0
Rubio says he hasn’t heard from anyone in ‘Trump world’ about possible VP consideration,0,1,0,0,0,0,0,0,0,0,0
Trump's invite to major donors prioritizes the committee paying his legal bills over the RNC,0,1,0,0,0,0,0,0,0,0,0
Republican majorities block efforts to expand Medicaid in Georgia and Kansas,0,1,0,0,0,0,0,0,0,0,0
A third man is now charged with murder in the Kansas City Super Bowl rally shooting,0,1,0,0,0,0,0,0,0,0,0
"Migrants Overpower Texas National Guard, Tear Down Border Fence",0,1,0,0,0,0,0,0,0,0,0
Attorneys try to stop DeSantis appointees from giving depositions in Disney lawsuit,0,0,0,0,0,0,0,1,0,0,0
Department of Justice Breaking News Headlines Today | Ground News,0,0,0,0,0,0,0,1,0,0,0
US sues Apple for illegal monopoly over smartphones,0,0,0,0,0,0,0,1,0,0,0
New York Attorney General takes initial step to prepare to seize Trump assets,0,0,0,0,0,0,0,1,0,0,0
New York Attorney General takes initial step to prepare to seize Trump assets,0,0,0,0,0,0,0,1,0,0,0
Reddit pops as much as 70% in NYSE debut after selling shares at top of range,0,0,0,0,0,0,0,1,0,0,0
February home sales hit strongest pace in a year as mortgage rates ease and more houses hit market,0,0,0,0,0,0,0,1,0,0,0
Bank of England keeps interest rates on hold at 5.25%,0,0,0,0,0,0,0,1,0,0,0
Los Angeles Dodgers Breaking News Headlines Today | Ground News,0,0,0,0,0,0,0,1,0,0,0
"""Burning Object"" Thrown At Israeli Embassy In Netherlands, Suspect Arrested",0,0,0,0,0,0,0,1,0,0,0
The UN adopts a resolution backing efforts to ensure artificial intelligence is safe,0,0,0,0,0,0,0,1,0,0,0
"Homelessness, affordable-housing shortage spark resurgence of single-room ‘micro-apartments'",0,0,0,0,0,0,0,1,0,0,0
"Global fertility rates to decline, shifting population burden to low-income countries",0,0,0,0,0,0,0,1,0,0,0
"Nearly 8 in 10 AAPI adults in US think abortion should be legal, AP-NORC poll finds",0,0,0,0,0,0,0,1,0,0,0
Families who fled Gaza before applying for special visa must find other way to Canada,0,0,0,0,0,0,0,1,0,0,0
Lawmakers unveil $1.2 trillion government funding package ahead of shutdown deadline,0,0,0,0,0,0,0,1,0,0,0
"AOC spars with Bobulinski over Biden crime claims, says RICO is 'category' not 'crime'",0,0,0,0,0,0,0,1,0,0,0
Apollo Offers $11 Billion for Paramount’s Hollywood Studio,0,0,0,0,0,0,0,1,0,0,0
Trump brings in $20 million in February through campaign and fundraising committee,0,0,0,0,0,0,0,1,0,0,0
"Angela Chao, Mitch McConnell’s sister-in-law, was drunk when she drove into pond, police say",0,0,0,0,0,0,0,1,0,0,0
Bus company agrees to stop bringing migrants from Texas to New York City amid pending lawsuit,0,0,0,0,0,0,0,1,0,0,0
Fed holds rates steady but indicates three cuts coming sometime this year,0,0,0,0,0,0,0,1,0,0,0
4th white Mississippi officer sentenced to 40 years after pleading guilty in torture of 2 Black men,1,0,0,0,0,0,0,0,0,0,0
US levels new sanctions over Russian disinformation campaign,1,0,0,0,0,0,0,0,0,0,0
Fed holds rates steady but indicates three cuts coming sometime this year,1,0,0,0,0,0,0,0,0,0,0
IRS chief zeroes in on wealthy tax cheats in AP interview,1,0,0,0,0,0,0,0,0,0,0
3rd of 6 former officers in Mississippi gets 17.5 years for racist torture of 2 Black men,1,0,0,0,0,0,0,0,0,0,0
"Florida Could Fly Haitian Migrants To Martha’s Vineyard, DeSantis Warns",1,0,0,0,0,0,0,0,0,0,0
The EU’s new import deal would support Ukraine while protecting the bloc’s farmers,1,0,0,0,0,0,0,0,0,0,0
Judge clears way for Trump to appeal ruling keeping Fani Willis on Georgia 2020 election case,1,0,0,0,0,0,0,0,0,0,0
"Prabowo Subianto, ex-general tied to a past dictatorship, is confirmed as Indonesia’s next president",1,0,0,0,0,0,0,0,0,0,0
UnitedHealth hack takes toll on healthcare providers to the nation's poor,1,0,0,0,0,0,0,0,0,0,0
US Air Force conducts final test of Lockheed’s hypersonic missile,1,0,0,0,0,0,0,0,0,0,0
Lisa Forbes wins Democratic nomination for Ohio Supreme Court's only open seat,1,0,0,0,0,0,0,0,0,0,0
Trump easily wins Florida primary; DeSantis comes in third,1,0,0,0,0,0,0,0,0,0,0
Joe Biden wins the Democratic presidential primary in Kansas,1,0,0,0,0,0,0,0,0,0,0
Brazil’s Bolsonaro is indicted for first time over alleged falsification of his own vaccination data,1,0,0,0,0,0,0,0,0,0,0
Top former US generals say failures of Biden administration in planning drove chaotic fall of Kabul,1,0,0,0,0,0,0,0,0,0,0
Arizona lawmaker resigns after report of sexual misconduct allegation in college,1,0,0,0,0,0,0,0,0,0,0
Minnesota court rules pharmacist discriminated against woman in denying emergency contraception,1,0,0,0,0,0,0,0,0,0,0
Judges limit North Carolina child support law requirement in IVF case involving same-sex couple,0,0,0,0,0,0,1,0,0,0,0
"Driven by wildfire smoke, Canada’s air quality worse than U.S.: report",0,0,0,0,0,0,1,0,0,0,0
Germany detains two over suspected Islamist attack plot on Swedish parliament,0,0,0,0,0,0,1,0,0,0,0
Ex-Trump White House official Navarro reports to prison to serve contempt of Congress sentence,0,0,0,0,0,0,1,0,0,0,0
IOC excludes Russian and Belarusian athletes from taking part in the Paris Olympics opening ceremony,0,0,0,0,0,0,1,0,0,0,0
"Jared Kushner Calls Gaza Seaside Property 'Very Valuable,' Suggests Israel 'Move the People Out Then Clean It Up'",0,0,0,0,0,0,1,0,0,0,0
Biden campaign launching program to engage Latino voters,0,0,0,0,0,0,1,0,0,0,0
Peter Navarro Breaking News Headlines Today | Ground News,0,0,0,0,0,0,1,0,0,0,0
Germany detains two over suspected Islamist attack plot on Swedish parliament,0,0,0,0,0,0,1,0,0,0,0
Nebraska lawmaker faces calls to resign after invoking colleague's name in book's rape scene passage,0,0,0,0,0,0,1,0,0,0,0
Supreme Court green lights Texas law that allows state police to arrest migrants,0,0,0,0,0,0,1,0,0,0,0
Brazil’s Bolsonaro is indicted for first time over alleged falsification of his own vaccination data,0,0,0,0,0,0,1,0,0,0,0
EU plans to send Russian frozen asset revenues to Ukraine arms fund,0,0,0,0,0,0,1,0,0,0,0
Supreme Court unanimously rules against government in No Fly List case,0,0,0,0,0,0,1,0,0,0,0
Oversight Committee Democrats invite Giuliani associate Lev Parnas as witness for Biden impeachment hearing,0,0,0,0,0,0,1,0,0,0,0
Germany detains two over suspected Islamist attack plot on Swedish parliament,0,0,0,0,0,0,1,0,0,0,0
Antony Blinken Breaking News Headlines Today | Ground News,0,0,0,0,0,0,1,0,0,0,0
Blinken to underline 'ironclad' support for Philippines as it clashes with China in disputed sea,0,0,0,0,0,0,1,0,0,0,0
Trump is making the Jan. 6 attack a cornerstone of his bid for the White House,0,0,0,0,0,0,1,0,0,0,0
"US, Japan Urge Nations Not to Deploy Nuclear Weapons in Orbit",0,0,0,0,0,0,1,0,0,0,0
Barack Obama visits Downing Street for surprise meeting in No 10,0,0,0,0,0,0,1,0,0,0,0
Alaska lawmakers fail to override the governor’s education package veto,0,0,0,0,0,0,1,0,0,0,0
Supreme Court extends block on Texas law that would allow police to arrest migrants,0,0,0,0,0,0,1,0,0,0,0
Pro-Trump Michigan attorney arrested after hearing in DC over leaking Dominion documents,0,0,0,0,0,0,1,0,0,0,0
Donald Trump endorses Ohio congressional candidate Derek Merrin just hours before polls open,0,0,0,0,0,0,1,0,0,0,0
Congress reaches tentative deal to avoid government shutdown,0,0,0,0,0,0,1,0,0,0,0
Supreme Court extends block on Texas law that would allow police to arrest migrants,0,0,0,0,0,0,1,0,0,0,0
Child's decomposed body found in duffel bag in Philadelphia neighborhood,0,0,0,0,0,0,1,0,0,0,0
Israel to send officials to Washington to hear US concerns on Rafah operation,0,0,0,0,0,0,1,0,0,0,0
CDC urges vaccination amid rise in measles cases in the US and globally,0,0,0,0,0,0,1,0,0,0,0
"Elon Musk details his prescription ketamine use, says investors should want him to ‘keep taking it’",0,0,0,0,0,0,1,0,0,0,0
Supreme Court hears Biden administration social media case: Listen live,0,0,0,0,0,0,1,0,0,0,0
Laken Riley’s father fears daughter’s death being used as political wedge in immigration debate,0,0,0,0,0,0,1,0,0,0,0
"Gaza suffers famine-level shortages, mass death imminent, UN-backed monitor says",0,0,0,0,0,0,1,0,0,0,0
Crafts retailer JOANN files for bankruptcy,0,0,0,0,0,0,1,0,0,0,0
Stephanie Cohen Is Latest Senior Goldman Executive to Depart,0,0,0,0,0,0,1,0,0,0,0
Official says Putin gets fifth term with record number of votes. Russian leader led harshest crackdown since Soviet era,0,0,0,0,0,0,1,0,0,0,0
Vladimir Putin says he supported the idea of releasing Navalny from prison in an exchange days before his death,0,0,0,0,0,0,1,0,0,0,0
Israel launches night raid on Gaza al-Shifa hospital,0,0,0,0,0,0,1,0,0,0,0
Uber pays $178 million to end legal fight with Australian taxi drivers,0,0,0,0,0,0,1,0,0,0,0
A second man is charged in connection with 2005 theft of ruby slippers worn in 'The Wizard of Oz',0,0,0,0,0,0,1,0,0,0,0
"Sheriff in Maine mass shooting had cause to take killer into custody beforehand, report says",0,0,0,0,0,0,1,0,0,0,0
"New York mayor, Legal Aid, strike deal on ‘right to shelter’ policy for migrants",0,0,0,0,0,0,1,0,0,0,0
National Association of Realtors agrees to slash commissions in $418M settlement,0,0,0,0,0,0,1,0,0,0,0
米国株式市場＝下落、ハイテク関連株に売り,0,0,0,0,0,0,1,0,0,0,0
National Association of Realtors agrees to slash commissions in $418M settlement,0,0,0,0,0,0,1,0,0,0,0
"Severe weather sweeps Midwest states, apparent tornadoes across Indiana, Ohio leave at least 6 dead",0,0,0,0,0,0,1,0,0,0,0
"Alec Baldwin Seeks to Throw Out Manslaughter Indictment, Citing ‘Abuse of the System’",0,0,0,0,0,0,1,0,0,0,0
SEC charges 17 individuals for alleged $300 million Ponzi scheme targeting Latino community,0,0,0,0,0,0,1,0,0,0,0
New extremism definition unveiled by government,0,1,0,0,0,0,0,0,0,0,0
Appeals court denies Peter Navarro’s bid to stay out of prison,0,1,0,0,0,0,0,0,0,0,0
Biden calls for action on LGBTQ ‘suicide crisis’ after Nex Benedict’s death in Oklahoma,0,1,0,0,0,0,0,0,0,0,0
Top US military chief visits munitions plants with lawmakers to press the need to arm Ukraine,0,1,0,0,0,0,0,0,0,0,0
Biden is coming out in opposition to plans to sell US Steel to a Japanese company,0,1,0,0,0,0,0,0,0,0,0
UN report: Many countries are bouncing back from COVID pandemic but the poorest are not,0,1,0,0,0,0,0,0,0,0,0
New extremism definition unveiled by government,0,1,0,0,0,0,0,0,0,0,0
Unique program that reviews sex assault cases with no charges to run out of funding,0,1,0,0,0,0,0,0,0,0,0
"Over 300,000 American jobs at risk: TikTok CEO asks users to oppose bill aiming to ban app",0,1,0,0,0,0,0,0,0,0,0
UN report: Many countries are bouncing back from COVID pandemic but the poorest are not,0,1,0,0,0,0,0,0,0,0,0
Vice President Harris will visit a Minnesota clinic that performs abortions,0,1,0,0,0,0,0,0,0,0,0
Michigan school shooter’s father on trial: Jury begins deliberation,0,1,0,0,0,0,0,0,0,0,0
Ex-rideshare driver accused in California antisemitic attack charged with federal hate crime,0,1,0,0,0,0,0,0,0,0,0
Dutch politician Wilders says he is ready to forego job of prime minister,0,1,0,0,0,0,0,0,0,0,0
"Ally of late Navalny accuses 'Putin’s henchmen' of attacking him in Lithuania, vows not to give up",1,0,0,0,0,0,0,0,0,0,0
"Death of nonbinary teen Nex Benedict after fight ruled a suicide, Oklahoma medical examiner says",1,0,0,0,0,0,0,0,0,0,0
Neil Young ending 2-year boycott of Spotify,1,0,0,0,0,0,0,0,0,0,0
Trial date postponed for ex-elected official accused of killing Las Vegas journalist,1,0,0,0,0,0,0,0,0,0,0
"Zimbabwe predicts a sharp decline in tobacco crop as El Niño takes toll, a year after record harvest",1,0,0,0,0,0,0,0,0,0,0
UFC Hall of Famer Mark Coleman hospitalized after house fire,1,0,0,0,0,0,0,0,0,0,0
Biden sees no bump in polling after State of the Union,1,0,0,0,0,0,0,0,0,0,0
Scott Peterson's lawyers 'eager to get investigation underway' in wrongful conviction case,1,0,0,0,0,0,0,0,0,0,0
"Biden, Trump clinch nominations, kicking off bruising presidential rematch",1,0,0,0,0,0,0,0,0,0,0
Staff at a Virginia wildlife center pretend to be red foxes as they care for an orphaned kit,1,0,0,0,0,0,0,0,0,0,0
White House requested changes to Robert Hur’s report on Biden classified documents,1,0,0,0,0,0,0,0,0,0,0
House poised to pass bill that could ban TikTok but it faces uncertain path in the Senate,1,0,0,0,0,0,0,0,0,0,0
Biden heads back to Wisconsin and Michigan as he looks to shore up Democratic ‘blue wall’,1,0,0,0,0,0,0,0,0,0,0
"US, allies eye commercial maritime option for Gaza aid",1,0,0,0,0,0,0,0,0,0,0
"Biden, Trump clinch nominations, kicking off bruising presidential rematch",1,0,0,0,0,0,0,0,0,0,0
Biden wins Washington Democratic primary,1,0,0,0,0,0,0,0,0,0,0
Japan's Space One Kairos rocket explodes on inaugural flight,1,0,0,0,0,0,0,0,0,0,0
Biden wins the Democratic presidential primary in Mississippi,1,0,0,0,0,0,0,0,0,0,0
Navalny aide Volkov attacked with hammer in Lithuania,1,0,0,0,0,0,0,0,0,0,0
California state Democrat introduces ban on artificial dyes in foods served in schools,1,0,0,0,0,0,0,0,0,0,0
Nebraska governor approves regulations to allow gender-affirming care for minors,1,0,0,0,0,0,0,0,0,0,0
President Biden clinches Democratic Party nomination with Georgia win,1,0,0,0,0,0,0,0,0,0,0
U.S. airport nasal swabbing expanding to Chicago and Miami,0,1,0,0,0,0,0,0,0,0,0
Ghislaine Maxwell set to appeal against sex trafficking conviction,0,1,0,0,0,0,0,0,0,0,0
US Core Inflation Tops Forecasts for a Second Straight Month,0,1,0,0,0,0,0,0,0,0,0
CDC sending team to Chicago amid measles outbreak,0,1,0,0,0,0,0,0,0,0,0
"Intel survived bid to halt millions in sales to China's Huawei, sources say",0,1,0,0,0,0,0,0,0,0,0
Massachusetts governor to issue pardons for those convicted of cannabis possession,0,1,0,0,0,0,0,0,0,0,0
"Letter carrier robberies continue as the US Postal Service, union and lawmakers seek solutions",0,1,0,0,0,0,0,0,0,0,0
Brooklyn preacher known for flashy lifestyle found guilty of wire fraud and attempted extortion,0,1,0,0,0,0,0,0,0,0,0
US intelligence report states Netanyahu’s viability to lead Israel is in jeopardy,0,1,0,0,0,0,0,0,0,0,0
"Biden and Trump could clinch nominations in Tuesday's contests, ushering in general election",0,1,0,0,0,0,0,0,0,0,0
Thomson Reuters industry-leading solutions: Redefine your work,0,1,0,0,0,0,0,0,0,0,0
"Rising measles cases see more than 900,000 people urged to get MMR jab",0,1,0,0,0,0,0,0,0,0,0
"FBI director warns of ‘very dangerous threats’ at border, smuggling network with 'ISIS ties'",0,1,0,0,0,0,0,0,0,0,0
Court upholds town bylaw banning anyone born in 21st century from buying tobacco products,0,1,0,0,0,0,0,0,0,0,0
New Jersey lawmakers fast track bill that could restrict records access under open records law,0,1,0,0,0,0,0,0,0,0,0
"Oscars get audience lift from 'Barbie' and 'Oppenheimer,' but ratings aren't lofty",0,1,0,0,0,0,0,0,0,0,0
Man pleads guilty to murdering University of Utah football player Aaron Lowe,0,1,0,0,0,0,0,0,0,0,0
House Republicans move ahead with TikTok vote even as Trump voices opposition to possible ban,0,1,0,0,0,0,0,0,0,0,0
Education Department starts sending financial aid data to colleges after months of delays,0,1,0,0,0,0,0,0,0,0,0
Trump endorses Mike Rogers for US senate seat,0,1,0,0,0,0,0,0,0,0,0
Boeing whistleblower found dead in US,0,1,0,0,0,0,0,0,0,0,0
Report: New Jersey and US were not prepared for COVID-19 and state remains so for the next crisis,0,1,0,0,0,0,0,0,0,0,0
Trump Floats Cuts to Social Security and Medicare,0,1,0,0,0,0,0,0,0,0,0
Orbán says Trump won’t give ‘a penny’ to Ukraine after Mar-a-Lago meeting,0,1,0,0,0,0,0,0,0,0,0
Poland's president calls on NATO allies to raise spending on defense to 3% of GDP,0,1,0,0,0,0,0,0,0,0,0
Mother of 5-year-old girl killed by father takes first steps in planned wrongful death lawsuit,0,1,0,0,0,0,0,0,0,0,0
More than 20 progressive groups form a coalition to counter pro-Israel groups before the election,0,1,0,0,0,0,0,0,0,0,0
Climate activists including Greta Thunberg block entrance to the Swedish parliament,0,1,0,0,0,0,0,0,0,0,0
France's Macron postpones trip to Ukraine,0,1,0,0,0,0,0,0,0,0,0
"Ukraine slams Pope's 'white flag' negotiation call, vows 'never' to surrender to Russia",0,1,0,0,0,0,0,0,0,0,0
Portugal is in suspense after an election produces no clear winner and a surging populist party,0,1,0,0,0,0,0,0,0,0,0
GOP lawmakers resist calls to tweak abortion bans. Some say they’ll clarify the laws’ few exceptions,0,1,0,0,0,0,0,0,0,0,0
Princess of Wales: Picture agencies pull Kate photo amid 'manipulation' concerns,0,1,0,0,0,0,0,0,0,0,0
Israeli president’s presence at Holocaust museum in Netherlands draws protests,0,1,0,0,0,0,0,0,0,0,0
Federal judge in Texas blocks US labor board rule that would make it easier for workers to unionize,0,1,0,0,0,0,0,0,0,0,0
Princess of Wales: Picture agencies pull Kate photo amid 'manipulation' concerns,0,1,0,0,0,0,0,0,0,0,0
"Biden cajoles Netanyahu with tough talk, humanitarian concerns but Israeli PM remains dug in",0,1,0,0,0,0,0,0,0,0,0
"Sununu says he’ll support Trump, but stands by past criticism",1,0,0,0,0,0,0,0,0,0,0
"Biden, Harris to visit every battleground state in March",1,0,0,0,0,0,0,0,0,0,0
Memphis judge postpones state trial in Tyre Nichols death until end of federal trial,1,0,0,0,0,0,0,0,0,0,0
Portman endorses Dolan in Ohio Senate GOP primary,1,0,0,0,0,0,0,0,0,0,0
Views - Sharenet's Business & Finance Blog | Stock Markets Data,1,0,0,0,0,0,0,0,0,0,0
Views - Sharenet's Business & Finance Blog | Stock Markets Data,1,0,0,0,0,0,0,0,0,0,0
Views - Sharenet's Business & Finance Blog | Stock Markets Data,1,0,0,0,0,0,0,0,0,0,0
Views - Sharenet's Business & Finance Blog | Stock Markets Data,1,0,0,0,0,0,0,0,0,0,0
Views - Sharenet's Business & Finance Blog | Stock Markets Data,1,0,0,0,0,0,0,0,0,0,0
Views - Sharenet's Business & Finance Blog | Stock Markets Data,1,0,0,0,0,0,0,0,0,0,0
Views - Sharenet's Business & Finance Blog | Stock Markets Data,1,0,0,0,0,0,0,0,0,0,0
Views - Sharenet's Business & Finance Blog | Stock Markets Data,1,0,0,0,0,0,0,0,0,0,0
Views - Sharenet's Business & Finance Blog | Stock Markets Data,1,0,0,0,0,0,0,0,0,0,0
Views - Sharenet's Business & Finance Blog | Stock Markets Data,1,0,0,0,0,0,0,0,0,0,0
Views - Sharenet's Business & Finance Blog | Stock Markets Data,1,0,0,0,0,0,0,0,0,0,0
Views - Sharenet's Business & Finance Blog | Stock Markets Data,1,0,0,0,0,0,0,0,0,0,0
Views - Sharenet's Business & Finance Blog | Stock Markets Data,1,0,0,0,0,0,0,0,0,0,0
Views - Sharenet's Business & Finance Blog | Stock Markets Data,1,0,0,0,0,0,0,0,0,0,0
Views - Sharenet's Business & Finance Blog | Stock Markets Data,1,0,0,0,0,0,0,0,0,0,0
Views - Sharenet's Business & Finance Blog | Stock Markets Data,1,0,0,0,0,0,0,0,0,0,0
Views - Sharenet's Business & Finance Blog | Stock Markets Data,1,0,0,0,0,0,0,0,0,0,0
Views - Sharenet's Business & Finance Blog | Stock Markets Data,1,0,0,0,0,0,0,0,0,0,0
Views - Sharenet's Business & Finance Blog | Stock Markets Data,1,0,0,0,0,0,0,0,0,0,0
Views - Sharenet's Business & Finance Blog | Stock Markets Data,1,0,0,0,0,0,0,0,0,0,0
Views - Sharenet's Business & Finance Blog | Stock Markets Data,1,0,0,0,0,0,0,0,0,0,0
Views - Sharenet's Business & Finance Blog | Stock Markets Data,1,0,0,0,0,0,0,0,0,0,0
Views - Sharenet's Business & Finance Blog | Stock Markets Data,1,0,0,0,0,0,0,0,0,0,0
Views - Sharenet's Business & Finance Blog | Stock Markets Data,1,0,0,0,0,0,0,0,0,0,0
Views - Sharenet's Business & Finance Blog | Stock Markets Data,1,0,0,0,0,0,0,0,0,0,0
Views - Sharenet's Business & Finance Blog | Stock Markets Data,1,0,0,0,0,0,0,0,0,0,0
Views - Sharenet's Business & Finance Blog | Stock Markets Data,1,0,0,0,0,0,0,0,0,0,0
Views - Sharenet's Business & Finance Blog | Stock Markets Data,1,0,0,0,0,0,0,0,0,0,0
Views - Sharenet's Business & Finance Blog | Stock Markets Data,1,0,0,0,0,0,0,0,0,0,0
Views - Sharenet's Business & Finance Blog | Stock Markets Data,1,0,0,0,0,0,0,0,0,0,0
"Indians tricked by promise of work in Russia instead die fighting in Ukraine, investigators say",1,0,0,0,0,0,0,0,0,0,0
Views - Sharenet's Business & Finance Blog | Stock Markets Data,1,0,0,0,0,0,0,0,0,0,0
Views - Sharenet's Business & Finance Blog | Stock Markets Data,1,0,0,0,0,0,0,0,0,0,0
Views - Sharenet's Business & Finance Blog | Stock Markets Data,1,0,0,0,0,0,0,0,0,0,0
Views - Sharenet's Business & Finance Blog | Stock Markets Data,1,0,0,0,0,0,0,0,0,0,0
Views - Sharenet's Business & Finance Blog | Stock Markets Data,1,0,0,0,0,0,0,0,0,0,0
Views - Sharenet's Business & Finance Blog | Stock Markets Data,1,0,0,0,0,0,0,0,0,0,0
Views - Sharenet's Business & Finance Blog | Stock Markets Data,1,0,0,0,0,0,0,0,0,0,0
Views - Sharenet's Business & Finance Blog | Stock Markets Data,1,0,0,0,0,0,0,0,0,0,0
Views - Sharenet's Business & Finance Blog | Stock Markets Data,1,0,0,0,0,0,0,0,0,0,0
Views - Sharenet's Business & Finance Blog | Stock Markets Data,1,0,0,0,0,0,0,0,0,0,0
Views - Sharenet's Business & Finance Blog | Stock Markets Data,1,0,0,0,0,0,0,0,0,0,0
Views - Sharenet's Business & Finance Blog | Stock Markets Data,1,0,0,0,0,0,0,0,0,0,0
Views - Sharenet's Business & Finance Blog | Stock Markets Data,1,0,0,0,0,0,0,0,0,0,0
Views - Sharenet's Business & Finance Blog | Stock Markets Data,1,0,0,0,0,0,0,0,0,0,0
Views - Sharenet's Business & Finance Blog | Stock Markets Data,1,0,0,0,0,0,0,0,0,0,0
Views - Sharenet's Business & Finance Blog | Stock Markets Data,1,0,0,0,0,0,0,0,0,0,0
"Chinese hacking industry linked to the state through connections, alcohol, and sex, leak reveals",1,0,0,0,0,0,0,0,0,0,0
Views - Sharenet's Business & Finance Blog | Stock Markets Data,1,0,0,0,0,0,0,0,0,0,0
Views - Sharenet's Business & Finance Blog | Stock Markets Data,1,0,0,0,0,0,0,0,0,0,0
Views - Sharenet's Business & Finance Blog | Stock Markets Data,1,0,0,0,0,0,0,0,0,0,0
Views - Sharenet's Business & Finance Blog | Stock Markets Data,1,0,0,0,0,0,0,0,0,0,0
Views - Sharenet's Business & Finance Blog | Stock Markets Data,1,0,0,0,0,0,0,0,0,0,0
Views - Sharenet's Business & Finance Blog | Stock Markets Data,1,0,0,0,0,0,0,0,0,0,0
Views - Sharenet's Business & Finance Blog | Stock Markets Data,1,0,0,0,0,0,0,0,0,0,0
Views - Sharenet's Business & Finance Blog | Stock Markets Data,1,0,0,0,0,0,0,0,0,0,0
Views - Sharenet's Business & Finance Blog | Stock Markets Data,1,0,0,0,0,0,0,0,0,0,0
Views - Sharenet's Business & Finance Blog | Stock Markets Data,1,0,0,0,0,0,0,0,0,0,0
Views - Sharenet's Business & Finance Blog | Stock Markets Data,1,0,0,0,0,0,0,0,0,0,0
Views - Sharenet's Business & Finance Blog | Stock Markets Data,1,0,0,0,0,0,0,0,0,0,0
Views - Sharenet's Business & Finance Blog | Stock Markets Data,1,0,0,0,0,0,0,0,0,0,0
Views - Sharenet's Business & Finance Blog | Stock Markets Data,1,0,0,0,0,0,0,0,0,0,0
Views - Sharenet's Business & Finance Blog | Stock Markets Data,1,0,0,0,0,0,0,0,0,0,0
Views - Sharenet's Business & Finance Blog | Stock Markets Data,1,0,0,0,0,0,0,0,0,0,0
Views - Sharenet's Business & Finance Blog | Stock Markets Data,1,0,0,0,0,0,0,0,0,0,0
Views - Sharenet's Business & Finance Blog | Stock Markets Data,1,0,0,0,0,0,0,0,0,0,0
Views - Sharenet's Business & Finance Blog | Stock Markets Data,1,0,0,0,0,0,0,0,0,0,0
Views - Sharenet's Business & Finance Blog | Stock Markets Data,1,0,0,0,0,0,0,0,0,0,0
Views - Sharenet's Business & Finance Blog | Stock Markets Data,1,0,0,0,0,0,0,0,0,0,0
Views - Sharenet's Business & Finance Blog | Stock Markets Data,1,0,0,0,0,0,0,0,0,0,0
Views - Sharenet's Business & Finance Blog | Stock Markets Data,1,0,0,0,0,0,0,0,0,0,0
Views - Sharenet's Business & Finance Blog | Stock Markets Data,1,0,0,0,0,0,0,0,0,0,0
Views - Sharenet's Business & Finance Blog | Stock Markets Data,1,0,0,0,0,0,0,0,0,0,0
Views - Sharenet's Business & Finance Blog | Stock Markets Data,1,0,0,0,0,0,0,0,0,0,0
Views - Sharenet's Business & Finance Blog | Stock Markets Data,1,0,0,0,0,0,0,0,0,0,0
Views - Sharenet's Business & Finance Blog | Stock Markets Data,1,0,0,0,0,0,0,0,0,0,0
Views - Sharenet's Business & Finance Blog | Stock Markets Data,1,0,0,0,0,0,0,0,0,0,0
Views - Sharenet's Business & Finance Blog | Stock Markets Data,1,0,0,0,0,0,0,0,0,0,0
Views - Sharenet's Business & Finance Blog | Stock Markets Data,1,0,0,0,0,0,0,0,0,0,0
Views - Sharenet's Business & Finance Blog | Stock Markets Data,1,0,0,0,0,0,0,0,0,0,0
Views - Sharenet's Business & Finance Blog | Stock Markets Data,1,0,0,0,0,0,0,0,0,0,0
Views - Sharenet's Business & Finance Blog | Stock Markets Data,1,0,0,0,0,0,0,0,0,0,0
Views - Sharenet's Business & Finance Blog | Stock Markets Data,1,0,0,0,0,0,0,0,0,0,0
Takeaways from Joe Biden’s State of the Union address,1,0,0,0,0,0,0,0,0,0,0
Views - Sharenet's Business & Finance Blog | Stock Markets Data,1,0,0,0,0,0,0,0,0,0,0
Views - Sharenet's Business & Finance Blog | Stock Markets Data,1,0,0,0,0,0,0,0,0,0,0
Views - Sharenet's Business & Finance Blog | Stock Markets Data,1,0,0,0,0,0,0,0,0,0,0
Views - Sharenet's Business & Finance Blog | Stock Markets Data,1,0,0,0,0,0,0,0,0,0,0
Views - Sharenet's Business & Finance Blog | Stock Markets Data,1,0,0,0,0,0,0,0,0,0,0
Views - Sharenet's Business & Finance Blog | Stock Markets Data,1,0,0,0,0,0,0,0,0,0,0
Views - Sharenet's Business & Finance Blog | Stock Markets Data,1,0,0,0,0,0,0,0,0,0,0
Views - Sharenet's Business & Finance Blog | Stock Markets Data,1,0,0,0,0,0,0,0,0,0,0
Views - Sharenet's Business & Finance Blog | Stock Markets Data,1,0,0,0,0,0,0,0,0,0,0
Views - Sharenet's Business & Finance Blog | Stock Markets Data,1,0,0,0,0,0,0,0,0,0,0
Views - Sharenet's Business & Finance Blog | Stock Markets Data,1,0,0,0,0,0,0,0,0,0,0
Views - Sharenet's Business & Finance Blog | Stock Markets Data,1,0,0,0,0,0,0,0,0,0,0
Views - Sharenet's Business & Finance Blog | Stock Markets Data,1,0,0,0,0,0,0,0,0,0,0
Views - Sharenet's Business & Finance Blog | Stock Markets Data,1,0,0,0,0,0,0,0,0,0,0
Views - Sharenet's Business & Finance Blog | Stock Markets Data,1,0,0,0,0,0,0,0,0,0,0
Views - Sharenet's Business & Finance Blog | Stock Markets Data,1,0,0,0,0,0,0,0,0,0,0
Views - Sharenet's Business & Finance Blog | Stock Markets Data,1,0,0,0,0,0,0,0,0,0,0
Views - Sharenet's Business & Finance Blog | Stock Markets Data,1,0,0,0,0,0,0,0,0,0,0
Views - Sharenet's Business & Finance Blog | Stock Markets Data,1,0,0,0,0,0,0,0,0,0,0
Views - Sharenet's Business & Finance Blog | Stock Markets Data,1,0,0,0,0,0,0,0,0,0,0
Views - Sharenet's Business & Finance Blog | Stock Markets Data,1,0,0,0,0,0,0,0,0,0,0
Views - Sharenet's Business & Finance Blog | Stock Markets Data,1,0,0,0,0,0,0,0,0,0,0
Takeaways from Joe Biden’s State of the Union address,1,0,0,0,0,0,0,0,0,0,0
George Santos attends State of the Union and announces another run for Congress,1,0,0,0,0,0,0,0,0,0,0
RSV shot for infants 90 percent effective against hospitalizations: CDC,1,0,0,0,0,0,0,0,0,0,0
Biden Draws Sharp Contrast With Trump in State of the Union,1,0,0,0,0,0,0,0,0,0,0
Views - Sharenet's Business & Finance Blog | Stock Markets Data,1,0,0,0,0,0,0,0,0,0,0
Views - Sharenet's Business & Finance Blog | Stock Markets Data,1,0,0,0,0,0,0,0,0,0,0
Views - Sharenet's Business & Finance Blog | Stock Markets Data,1,0,0,0,0,0,0,0,0,0,0
Views - Sharenet's Business & Finance Blog | Stock Markets Data,1,0,0,0,0,0,0,0,0,0,0
Views - Sharenet's Business & Finance Blog | Stock Markets Data,1,0,0,0,0,0,0,0,0,0,0
Views - Sharenet's Business & Finance Blog | Stock Markets Data,1,0,0,0,0,0,0,0,0,0,0
Views - Sharenet's Business & Finance Blog | Stock Markets Data,1,0,0,0,0,0,0,0,0,0,0
Views - Sharenet's Business & Finance Blog | Stock Markets Data,1,0,0,0,0,0,0,0,0,0,0
Views - Sharenet's Business & Finance Blog | Stock Markets Data,1,0,0,0,0,0,0,0,0,0,0
Views - Sharenet's Business & Finance Blog | Stock Markets Data,1,0,0,0,0,0,0,0,0,0,0
Views - Sharenet's Business & Finance Blog | Stock Markets Data,1,0,0,0,0,0,0,0,0,0,0
Views - Sharenet's Business & Finance Blog | Stock Markets Data,1,0,0,0,0,0,0,0,0,0,0
Views - Sharenet's Business & Finance Blog | Stock Markets Data,1,0,0,0,0,0,0,0,0,0,0
Views - Sharenet's Business & Finance Blog | Stock Markets Data,1,0,0,0,0,0,0,0,0,0,0
Views - Sharenet's Business & Finance Blog | Stock Markets Data,1,0,0,0,0,0,0,0,0,0,0
Army lieutenant colonel dies in noncombat incident in Israel,1,0,0,0,0,0,0,0,0,0,0
Santos to make surprise appearance at Capitol for State of the Union,1,0,0,0,0,0,0,0,0,0,0
"Sweden officially joins NATO after completing its accession process, ending decades of neutrality",1,0,0,0,0,0,0,0,0,0,0
NY AG Letitia James booed at firefighters ceremony with chants of ‘Trump! Trump! Trump!’,1,0,0,0,0,0,0,0,0,0,0
"Sweden officially joins NATO after completing its accession process, ending decades of neutrality",1,0,0,0,0,0,0,0,0,0,0
Mike Tyson Breaking News Headlines Today | Ground News,1,0,0,0,0,0,0,0,0,0,0
State AGs send letter to Meta asking it to take 'immediate action' on user account takeovers,1,0,0,0,0,0,0,0,0,0,0
Judge denies Trump relief from $83.3 million defamation judgment,1,0,0,0,0,0,0,0,0,0,0
Views - Sharenet's Business & Finance Blog | Stock Markets Data,1,0,0,0,0,0,0,0,0,0,0
Views - Sharenet's Business & Finance Blog | Stock Markets Data,1,0,0,0,0,0,0,0,0,0,0
Views - Sharenet's Business & Finance Blog | Stock Markets Data,1,0,0,0,0,0,0,0,0,0,0
Views - Sharenet's Business & Finance Blog | Stock Markets Data,1,0,0,0,0,0,0,0,0,0,0
Views - Sharenet's Business & Finance Blog | Stock Markets Data,1,0,0,0,0,0,0,0,0,0,0
Views - Sharenet's Business & Finance Blog | Stock Markets Data,1,0,0,0,0,0,0,0,0,0,0
Views - Sharenet's Business & Finance Blog | Stock Markets Data,1,0,0,0,0,0,0,0,0,0,0
Views - Sharenet's Business & Finance Blog | Stock Markets Data,1,0,0,0,0,0,0,0,0,0,0
Views - Sharenet's Business & Finance Blog | Stock Markets Data,1,0,0,0,0,0,0,0,0,0,0
Views - Sharenet's Business & Finance Blog | Stock Markets Data,1,0,0,0,0,0,0,0,0,0,0
Views - Sharenet's Business & Finance Blog | Stock Markets Data,1,0,0,0,0,0,0,0,0,0,0
Views - Sharenet's Business & Finance Blog | Stock Markets Data,1,0,0,0,0,0,0,0,0,0,0
Views - Sharenet's Business & Finance Blog | Stock Markets Data,1,0,0,0,0,0,0,0,0,0,0
Views - Sharenet's Business & Finance Blog | Stock Markets Data,1,0,0,0,0,0,0,0,0,0,0
Views - Sharenet's Business & Finance Blog | Stock Markets Data,1,0,0,0,0,0,0,0,0,0,0
Evidence of traumatic brain injury in shooter who killed 18 in deadliest shooting in Maine history,0,1,0,0,0,0,0,0,0,0,0
"Sweden officially joins NATO after completing its accession process, ending decades of neutrality",0,1,0,0,0,0,0,0,0,0,0
Biden to announce US will build port on Gaza shore for large-scale aid delivery,0,1,0,0,0,0,0,0,0,0,0
Biden to announce US will build port on Gaza shore for large-scale aid delivery,0,1,0,0,0,0,0,0,0,0,0
"More Black women say abortion is their top issue in the 2024 election, a survey finds",0,1,0,0,0,0,0,0,0,0,0
"To revive stale US sales, candy companies pitch gum as a stress reliever and concentration aid",0,1,0,0,0,0,0,0,0,0,0
"Family killed in Nashville plane crash from King Township, North of Toronto",0,1,0,0,0,0,0,0,0,0,0
"People who eat breakfast high in refined carbs rated less attractive, study finds",0,1,0,0,0,0,0,0,0,0,0
Nevada authorities are seeking a retired wrestler and ex-congressional candidate in a hotel killing,0,1,0,0,0,0,0,0,0,0,0
County leader sues New York over an order to rescind his ban on transgender female athletes,0,1,0,0,0,0,0,0,0,0,0
Half of US states join GOP lawsuits challenging new EPA rule on deadly soot pollution,0,1,0,0,0,0,0,0,0,0,0
Maryland abortion clinics could get money for security under bill in state Senate,0,1,0,0,0,0,0,0,0,0,0
Gov. Gavin Newsom's campaign donor says his Panera Bread restaurants will follow minimum wage law,0,1,0,0,0,0,0,0,0,0,0
Florida set to ban homeless from sleeping on public property,0,1,0,0,0,0,0,0,0,0,0
